date,week,home_team,away_team,home_score,away_score,home_yds,away_yds,home_TO,away_TO,roof,surface,weather,1stDownsHome,1stDownsAway,rushHome,rushAway,passHome,passAway,sacksHome,sacksAway,fumbleHome,fumbleAway,penaltyHome,penaltyAway,3rdDownHome,3rdDownAway,4thDownHome,4thDownAway,posessionHome,possessionAway,VegasLine
2016-09-08,1,Denver Broncos,Carolina Panthers,21,20,307,333,3,1,outdoors,grass ,"85 degrees relative humidity 12%, wind 10 mph, wind chill 0",21,21,29-148-2,32-157-1,18-26-178-1-2,18-33-194-1-1,'2-19,'3-18,'1-1,'0-0,'4-22,'8-85,'5-10,'9-15,'1-1,'0-0,27:41,32:19,Carolina Panthers -3.0
2016-09-11,1,Jacksonville Jaguars,Green Bay Packers,27,27,348,294,1,0,outdoors,grass ,"90 degrees relative humidity 55%, wind 3 mph, wind chill 0",20,18,26-48-1,25-95-1,24-39-320-1-1,20-34-199-2-0,'3-20,'1-0,'1-0,'1-0,'9-79,'5-24,'4-15,'7-14,'3-4,'1-1,31:23,28:37,Green Bay Packers -3.5
2016-09-11,1,Baltimore Ravens,Buffalo Bills,13,7,308,160,1,0,outdoors,grass,"84 degrees relative humidity 44%, wind 8 mph, wind chill 0",18,11,28-83-0,24-65-1,22-33-258-1-0,15-22-111-0-0,'4-33,'2-16,'1-1,'0-0,'6-35,'8-89,'6-15,'3-13,'0-1,'2-2,32:53,27:07,Baltimore Ravens -3.0
2016-09-11,1,Houston Texans,Chicago Bears,23,14,344,258,1,1,retractable roof (closed),fieldturf,,17,14,35-129-0,20-73-1,22-35-231-2-1,16-29-216-1-1,'2-16,'5-31,'1-0,'2-0,'6-69,'4-30,'12-20,'4-13,'0-0,'0-2,36:19,23:41,Houston Texans -5.5
2016-09-11,1,Kansas City Chiefs,San Diego Chargers,33,27,413,388,1,0,outdoors,grass ,"74 degrees relative humidity 51%, wind 9 mph, wind chill 0",26,25,19-83-2,32-155-2,34-48-363-2-1,25-36-243-1-0,'3-33,'1-10,'0-0,'0-0,'6-46,'5-30,'5-14,'7-15,'2-2,'0-0,31:06,34:01,Kansas City Chiefs -6.5
2016-09-11,1,Atlanta Falcons,Tampa Bay Buccaneers,31,31,374,371,0,1,dome,fieldturf ,,19,20,22-52-0,28-90-0,27-39-334-2-0,23-32-281-4-1,'3-12,'0-0,'0-0,'0-0,'7-74,'6-48,'3-13,'3-10,'1-2,'0-0,32:23,27:37,Atlanta Falcons -2.5
2016-09-11,1,Tennessee Titans,Minnesota Vikings,25,25,316,301,3,0,outdoors,grass ,"76 degrees relative humidity 47%, wind 5 mph",19,15,22-64-0,28-65-0,25-41-271-2-1,18-33-236-0-0,'2-19,'0-0,'2-2,'0-0,'2-10,'3-39,'8-14,'6-14,'0-0,'0-0,30:25,29:35,Minnesota Vikings -2.5
2016-09-11,1,New Orleans Saints,Oakland Raiders,35,35,507,486,1,0,dome,sportturf,,27,25,22-88-0,26-167-3,28-42-423-4-0,24-38-319-1-0,'1-4,'0-0,'2-1,'1-0,'7-53,'14-141,'4-11,'4-11,'1-1,'0-0,29:35,30:25,New Orleans Saints -2.5
2016-09-11,1,New York Jets,Cincinnati Bengals,23,23,340,381,1,1,outdoors,fieldturf ,"79 degrees relative humidity 40%, wind 17 mph, wind chill 0",22,18,30-152-0,19-57-1,19-35-189-2-1,23-30-366-1-1,'1-1,'7-42,'1-0,'0-0,'7-95,'5-44,'4-12,'3-11,'0-0,'0-0,34:53,25:07,New York Jets -1.0
2016-09-11,1,Philadelphia Eagles,Cleveland Browns,29,10,403,288,0,1,outdoors,grass ,"85 degrees relative humidity 42%, wind 14 mph, wind chill 0",23,14,34-133-1,21-120-1,22-37-278-2-0,12-26-190-0-1,'2-8,'3-22,'2-0,'2-0,'7-46,'4-15,'5-15,'2-10,'1-1,'0-2,39:20,20:40,Philadelphia Eagles -4.0
2016-09-11,1,Seattle Seahawks,Miami Dolphins,12,10,352,214,2,0,outdoors,fieldturf ,"61 degrees relative humidity 68%, wind 2 mph, wind chill 0",21,11,32-112-0,20-64-1,27-43-258-1-1,16-29-186-0-0,'3-18,'5-36,'1-1,'2-0,'8-69,'4-40,'5-16,'3-13,'2-3,'0-1,34:32,25:28,Seattle Seahawks -10.5
2016-09-11,1,Dallas Cowboys,New York Giants,20,20,328,316,0,1,retractable roof (closed),matrixturf,,24,18,30-101-1,24-113-0,25-45-227-0-0,19-28-207-3-1,'0-0,'2-4,'0-0,'1-0,'6-50,'4-40,'10-17,'5-10,'0-0,'0-0,36:43,23:17,Dallas Cowboys -1.0
2016-09-11,1,Indianapolis Colts,Detroit Lions,39,39,450,448,0,0,retractable roof (open),fieldturf ,,25,28,19-82-0,24-116-2,31-47-385-4-0,31-39-340-3-0,'2-17,'1-8,'0-0,'0-0,'5-45,'8-70,'9-16,'5-9,'0-0,'0-0,29:24,30:36,Indianapolis Colts -2.5
2016-09-11,1,Arizona Cardinals,New England Patriots,23,23,344,363,0,2,retractable roof (closed),grass ,,21,19,19-92-1,31-106-1,24-37-271-2-0,24-33-264-1-0,'3-19,'2-7,'1-0,'3-2,'6-58,'8-69,'6-12,'10-16,'0-0,'0-0,26:01,33:59,Arizona Cardinals -9.0
2016-09-12,1,Washington Redskins,Pittsburgh Steelers,38,38,384,437,2,1,outdoors,grass ,"79 degrees relative humidity 41%, wind 4 mph, wind chill 0",18,23,12-55-1,30-147-2,30-43-329-0-2,27-37-300-3-1,'0-0,'1-10,'1-0,'2-0,'9-55,'4-81,'3-10,'9-14,'0-2,'2-2,26:42,33:18,Pittsburgh Steelers -2.5
2016-09-12,1,San Francisco 49ers,Los Angeles Rams,28,0,320,185,1,2,outdoors,grass,"66 degrees relative humidity 56%, wind 17 mph, wind chill 0",28,10,42-150-3,23-65-0,22-35-170-1-0,17-35-130-0-2,'0-0,'2-10,'2-1,'0-0,'2-10,'10-102,'8-17,'3-15,'1-2,'1-2,32:10,27:50,Los Angeles Rams -2.5
2016-09-15,2,Buffalo Bills,New York Jets,37,37,393,493,1,1,outdoors,a_turf,"60 degrees relative humidity 65%, wind 11 mph, wind chill 0",16,28,19-86-0,36-123-3,19-31-307-3-1,24-34-374-1-0,'0-0,'1-4,'1-0,'2-1,'6-59,'7-50,'3-10,'8-13,'1-2,'0-0,20:48,39:12,Buffalo Bills -1.0
2016-09-18,2,Cleveland Browns,Baltimore Ravens,25,25,387,382,2,2,outdoors,grass ,"74 degrees relative humidity 70%, wind 7 mph, wind chill 0",17,22,23-145-1,26-80-0,20-33-260-2-2,25-45-302-2-2,'3-18,'0-0,'3-0,'0-0,'8-59,'4-29,'8-15,'10-16,'1-1,'0-1,29:01,30:59,Baltimore Ravens -4.0
2016-09-18,2,Houston Texans,Kansas City Chiefs,19,12,351,291,2,3,retractable roof (closed),fieldturf,,15,14,34-97-0,19-119-0,19-33-268-1-2,20-37-186-0-0,'2-14,'4-14,'0-0,'3-3,'5-44,'9-77,'4-15,'3-14,'1-1,'0-0,33:59,26:01,Kansas City Chiefs -1.0
2016-09-18,2,New England Patriots,Miami Dolphins,31,24,463,457,1,4,outdoors,fieldturf ,"79 degrees relative humidity 66%, wind 10 mph, wind chill 0",29,23,38-161-1,16-70-1,24-35-324-3-0,32-45-387-2-2,'2-22,'0-0,'3-1,'3-2,'7-65,'5-49,'7-14,'5-10,'0-0,'0-1,36:46,23:14,New England Patriots -5.5
2016-09-18,2,Detroit Lions,Tennessee Titans,16,16,375,363,1,1,dome,fieldturf ,,22,22,23-137-0,24-139-0,22-40-260-1-1,25-33-238-2-1,'4-22,'3-14,'0-0,'1-0,'17-138,'12-83,'7-16,'5-12,'0-0,'1-1,29:09,30:51,Detroit Lions -6.0
2016-09-18,2,Pittsburgh Steelers,Cincinnati Bengals,24,16,374,412,2,2,outdoors,grass ,"72 degrees relative humidity 86%, wind 4 mph",19,21,36-124-0,18-46-0,19-37-259-3-2,31-54-366-1-0,'1-9,'1-0,'0-0,'2-2,'5-54,'5-31,'7-17,'4-16,'0-1,'1-1,32:55,27:05,Pittsburgh Steelers -3.0
2016-09-18,2,Carolina Panthers,San Francisco 49ers,46,27,529,302,4,3,outdoors,grass ,"82 degrees relative humidity 60%, wind 4 mph, wind chill 0",26,16,37-176-0,26-65-1,24-40-353-4-1,17-36-243-2-2,'1-0,'2-6,'3-3,'1-1,'8-50,'6-50,'7-15,'4-14,'0-0,'0-1,35:54,24:06,Carolina Panthers -12.0
2016-09-18,2,Washington Redskins,Dallas Cowboys,27,27,432,380,1,1,outdoors,grass ,"81 degrees relative humidity 65%, wind 6 mph, wind chill 0",24,24,17-82-1,30-102-3,28-46-364-1-1,22-30-292-0-0,'2-14,'4-14,'0-0,'2-1,'8-51,'6-39,'5-12,'6-12,'0-1,'1-1,27:09,32:51,Washington Redskins -3.5
2016-09-18,2,New York Giants,New Orleans Saints,16,13,417,288,3,0,outdoors,fieldturf ,"80 degrees relative humidity 74%, wind 5 mph, wind chill 0",22,16,32-64-0,13-41-0,32-41-368-0-0,29-44-263-1-0,'2-15,'2-16,'3-3,'0-0,'3-25,'7-76,'7-15,'3-13,'0-1,'0-0,34:07,25:53,New York Giants -3.5
2016-09-18,2,Arizona Cardinals,Tampa Bay Buccaneers,40,7,416,306,0,5,retractable roof (closed),grass ,,20,21,30-105-1,21-85-0,18-34-315-3-0,27-52-243-1-4,'1-4,'3-22,'0-0,'1-1,'3-30,'5-39,'6-14,'5-13,'0-0,'0-1,29:03,30:57,Arizona Cardinals -7.5
2016-09-18,2,Los Angeles Rams,Seattle Seahawks,9,3,283,306,0,1,outdoors,grass,"88 degrees relative humidity 39%, wind 3 mph, wind chill 0",17,17,25-64-0,24-67-0,18-30-239-0-0,22-35-254-0-0,'3-20,'2-15,'0-0,'3-1,'9-78,'10-114,'3-12,'4-13,'0-0,'0-0,29:57,30:03,Seattle Seahawks -5.5
2016-09-18,2,San Diego Chargers,Jacksonville Jaguars,38,14,357,388,1,3,outdoors,grass ,"82 degrees relative humidity 51%, wind 7 mph, wind chill 0",25,20,35-150-1,11-69-0,17-25-220-4-0,31-50-329-2-2,'3-13,'2-10,'1-1,'1-1,'3-23,'14-93,'7-13,'2-11,'0-0,'1-2,34:52,25:08,San Diego Chargers -3.0
2016-09-18,2,Oakland Raiders,Atlanta Falcons,35,35,454,528,0,1,outdoors,grass ,"79 degrees relative humidity 41%, wind 7 mph, wind chill 0",29,27,25-155-1,29-139-1,34-45-299-3-0,26-34-396-3-1,'1-0,'1-7,'1-0,'0-0,'9-58,'7-73,'5-12,'5-10,'1-2,'0-0,32:45,27:15,Oakland Raiders -4.0
2016-09-18,2,Denver Broncos,Indianapolis Colts,34,20,400,253,1,2,outdoors,grass ,"85 degrees relative humidity 15%, wind 4 mph, wind chill 0",24,19,31-134-1,21-83-1,22-33-266-0-1,21-40-197-1-1,'1-0,'5-27,'0-0,'1-1,'8-54,'8-94,'5-11,'6-14,'0-0,'1-1,30:41,29:19,Denver Broncos -6.0
2016-09-18,2,Minnesota Vikings,Green Bay Packers,17,14,284,263,1,3,dome,sportturf,,15,20,22-30-0,23-83-1,22-31-286-2-0,20-36-213-1-1,'4-32,'5-33,'2-1,'4-2,'13-137,'6-72,'4-14,'6-13,'1-2,'0-1,30:18,29:42,Green Bay Packers -1.5
2016-09-19,2,Chicago Bears,Philadelphia Eagles,29,29,284,280,3,0,outdoors,grass ,"84 degrees relative humidity 36%, wind 5 mph, wind chill 0",16,21,18-64-1,32-100-2,21-29-235-0-1,21-34-190-1-0,'3-15,'2-10,'2-2,'0-0,'7-60,'5-34,'4-10,'3-15,'0-1,'3-3,23:55,36:05,Chicago Bears -3.0
2016-09-22,3,New England Patriots,Houston Texans,27,0,282,284,0,3,outdoors,fieldturf ,"68 degrees relative humidity 60%, wind 4 mph, wind chill 0",15,19,39-185-3,27-109-0,11-19-103-0-0,24-41-196-0-1,'1-6,'2-21,'1-0,'2-2,'3-15,'6-43,'4-14,'6-15,'0-0,'0-3,28:38,31:22,Pick
2016-09-25,3,New York Giants,Washington Redskins,29,29,457,403,3,1,outdoors,fieldturf ,"67 degrees relative humidity 37%, wind 2 mph, wind chill 0",28,20,21-120-2,30-90-0,25-38-350-1-2,22-36-327-2-0,'2-13,'2-14,'3-1,'3-1,'11-128,'8-70,'4-9,'7-16,'0-0,'1-1,26:34,33:26,New York Giants -3.5
2016-09-25,3,Cincinnati Bengals,Denver Broncos,29,29,332,355,2,1,outdoors,fieldturf ,"81 degrees relative humidity 53%, wind 3 mph, wind chill 0",20,21,29-143-2,23-52-0,21-31-206-0-1,23-35-312-4-0,'4-17,'2-9,'1-1,'1-1,'9-69,'5-41,'5-12,'6-12,'0-1,'0-0,32:06,27:54,Cincinnati Bengals -3.5
2016-09-25,3,Buffalo Bills,Arizona Cardinals,33,18,297,348,1,5,outdoors,a_turf,"64 degrees relative humidity 44%, wind 8 mph, wind chill 0",16,25,32-208-3,22-88-2,14-25-119-0-1,26-50-287-0-4,'4-30,'5-27,'3-0,'3-1,'9-75,'8-50,'4-13,'5-15,'0-0,'0-1,26:00,34:00,Arizona Cardinals -5.0
2016-09-25,3,Miami Dolphins,Cleveland Browns,30,24,426,430,3,1,outdoors,grass ,"86 degrees relative humidity 65%, wind 16 mph, wind chill 0",23,21,25-115-1,32-169-1,25-39-319-3-2,24-38-279-0-0,'1-8,'4-18,'1-1,'3-1,'8-67,'13-91,'2-10,'4-15,'0-0,'0-0,29:12,37:22,Miami Dolphins -10.0
2016-09-25,3,Tennessee Titans,Oakland Raiders,17,17,393,368,3,1,outdoors,grass ,"89 degrees relative humidity 49%, wind 2 mph",19,17,29-181-1,25-123-1,17-33-214-0-2,21-35-249-1-1,'1-2,'1-4,'2-1,'0-0,'8-70,'8-58,'2-12,'5-13,'0-1,'0-0,30:57,29:03,Oakland Raiders -1.5
2016-09-25,3,Jacksonville Jaguars,Baltimore Ravens,19,19,216,283,3,3,outdoors,grass ,"88 degrees relative humidity 0%, wind 8 mph, wind chill 0",14,18,21-48-0,22-84-1,24-38-194-2-3,29-40-214-0-2,'4-26,'2-15,'0-0,'2-1,'7-75,'8-58,'6-16,'3-13,'0-0,'1-1,28:54,31:06,Baltimore Ravens -2.5
2016-09-25,3,Carolina Panthers,Minnesota Vikings,22,22,306,211,3,0,outdoors,grass ,"80 degrees relative humidity 63%, no wind, wind chill 0",18,13,28-105-1,24-58-0,22-36-265-0-3,18-28-171-1-0,'8-64,'2-18,'0-0,'1-0,'10-65,'6-42,'6-16,'3-12,'0-2,'0-0,34:52,25:08,Carolina Panthers -6.0
2016-09-25,3,Green Bay Packers,Detroit Lions,34,27,324,418,0,1,outdoors,grass ,"72 degrees relative humidity 84%, wind 17 mph, wind chill 0",17,22,24-123-0,23-50-0,15-24-205-4-0,28-41-385-3-1,'2-4,'3-17,'0-0,'0-0,'4-45,'4-86,'5-10,'8-14,'0-0,'1-1,24:53,35:07,Green Bay Packers -6.0
2016-09-25,3,Seattle Seahawks,San Francisco 49ers,37,18,418,254,2,1,outdoors,fieldturf ,"66 degrees relative humidity 63%, wind 6 mph, wind chill 0",18,12,31-127-2,31-135-2,22-32-308-2-1,14-25-119-0-1,'2-17,'0-0,'1-1,'1-0,'6-50,'4-35,'9-14,'4-15,'0-0,'1-1,35:57,24:03,Seattle Seahawks -10.5
2016-09-25,3,Tampa Bay Buccaneers,Los Angeles Rams,37,37,472,320,2,2,outdoors,grass ,"91 degrees relative humidity 58%, wind 4 mph",30,18,22-83-1,33-137-2,36-58-405-3-1,14-26-190-2-1,'2-16,'1-7,'2-1,'1-1,'9-80,'8-69,'8-16,'6-13,'2-2,'0-0,33:36,26:24,Tampa Bay Buccaneers -3.5
2016-09-25,3,Indianapolis Colts,San Diego Chargers,26,22,410,352,2,3,retractable roof (closed),fieldturf ,,24,17,26-93-2,17-37-1,24-37-331-1-1,26-39-326-0-0,'2-14,'2-11,'2-1,'4-3,'11-66,'10-80,'2-9,'4-11,'1-1,'0-0,32:43,27:17,Indianapolis Colts -1.5
2016-09-25,3,Philadelphia Eagles,Pittsburgh Steelers,34,3,426,251,0,2,outdoors,grass ,"73 degrees relative humidity 39%, wind 7 mph, wind chill 0",25,15,30-125-2,10-29-0,23-31-301-2-0,24-44-257-0-1,'0-0,'4-35,'1-0,'2-1,'10-99,'7-77,'4-10,'4-11,'0-0,'0-2,34:56,25:04,Pittsburgh Steelers -3.5
2016-09-25,3,Kansas City Chiefs,New York Jets,24,3,293,305,1,8,outdoors,grass ,"65 degrees relative humidity 63%, wind 9 mph, wind chill 0",18,17,27-72-0,22-117-0,25-33-237-1-0,20-44-188-0-6,'2-16,'0-0,'1-1,'3-2,'5-59,'3-15,'7-15,'7-14,'0-1,'1-2,32:05,27:55,Kansas City Chiefs -3.0
2016-09-25,3,Dallas Cowboys,Chicago Bears,31,17,447,390,1,2,retractable roof (closed),matrixturf,,25,21,41-199-3,14-78-0,19-24-248-1-0,30-49-317-2-0,'0-0,'1-5,'1-1,'4-2,'4-45,'6-45,'5-11,'2-10,'1-1,'1-1,35:19,24:41,Dallas Cowboys -6.5
2016-09-26,3,New Orleans Saints,Atlanta Falcons,45,45,474,442,2,0,dome,sportturf,,32,26,23-115-1,31-217-3,36-54-376-3-1,20-30-240-2-0,'2-17,'2-15,'1-1,'0-0,'5-75,'4-35,'7-13,'5-11,'1-2,'2-2,32:34,27:26,New Orleans Saints -2.5
2016-09-29,4,Cincinnati Bengals,Miami Dolphins,22,7,362,222,0,2,outdoors,fieldturf ,"62 degrees relative humidity 77%, wind 2 mph, wind chill 0",19,8,37-77-0,13-62-0,22-31-296-1-0,15-25-189-1-1,'1-11,'5-29,'2-0,'1-1,'6-40,'7-68,'3-15,'2-11,'1-1,'0-1,38:02,21:58,Cincinnati Bengals -7.5
2016-10-02,4,Jacksonville Jaguars,Indianapolis Colts,30,27,331,284,0,1,outdoors,grass ,"59 degrees relative humidity 59%, wind 7 mph, wind chill 0",23,23,29-136-1,25-94-1,19-33-207-2-0,27-42-234-2-1,'3-12,'6-44,'1-0,'1-0,'11-145,'7-78,'3-11,'9-17,'1-1,'0-2,27:21,32:39,Indianapolis Colts -1.0
2016-10-02,4,Chicago Bears,Detroit Lions,17,14,408,263,0,2,outdoors,grass ,"62 degrees relative humidity 84%, wind 6 mph, wind chill 0",23,16,29-114-0,18-66-0,28-36-302-2-0,23-36-213-0-2,'2-8,'2-16,'0-0,'0-0,'8-55,'10-76,'5-13,'4-12,'0-1,'0-0,33:14,26:46,Detroit Lions -3.0
2016-10-02,4,Baltimore Ravens,Oakland Raiders,28,28,412,261,1,1,outdoors,grass,"65 degrees relative humidity 84%, wind 2 mph, wind chill 0",25,13,26-130-2,19-62-0,32-52-298-1-0,25-35-199-4-0,'2-16,'0-0,'3-1,'1-1,'10-105,'12-93,'5-17,'3-12,'1-2,'0-0,34:44,25:16,Baltimore Ravens -3.5
2016-10-02,4,New England Patriots,Buffalo Bills,16,16,277,378,1,0,outdoors,fieldturf ,"56 degrees relative humidity 91%, wind 7 mph, wind chill 0",13,24,22-90-0,32-134-0,17-27-205-0-0,27-39-246-1-0,'3-18,'2-2,'5-1,'0-0,'9-74,'6-60,'1-12,'7-15,'2-3,'0-0,23:49,36:11,New England Patriots -3.5
2016-10-02,4,Houston Texans,Tennessee Titans,27,20,359,320,2,1,retractable roof (closed),fieldturf,,21,16,24-115-0,32-124-2,25-37-254-2-2,13-29-202-0-1,'1-10,'1-6,'0-0,'1-0,'6-59,'11-93,'5-12,'7-15,'0-1,'0-1,28:18,31:42,Houston Texans -4.0
2016-10-02,4,New York Jets,Seattle Seahawks,27,27,305,354,3,0,outdoors,fieldturf ,"61 degrees relative humidity 77%, no wind, wind chill 0",20,21,20-58-0,26-66-0,23-41-261-1-3,23-32-309-3-0,'4-14,'2-21,'1-0,'0-0,'7-60,'7-71,'7-15,'3-10,'1-1,'0-0,29:15,30:45,Seattle Seahawks -1.0
2016-10-02,4,Atlanta Falcons,Carolina Panthers,48,33,571,378,1,2,dome,fieldturf ,,25,20,25-90-1,15-49-0,28-37-503-4-1,31-48-337-3-2,'3-22,'1-8,'0-0,'0-0,'8-77,'6-55,'8-13,'7-16,'0-0,'1-1,33:49,26:11,Carolina Panthers -2.5
2016-10-02,4,Washington Redskins,Cleveland Browns,31,20,301,380,1,3,outdoors,grass ,"67 degrees relative humidity 89%, wind 1 mph, wind chill 0",24,26,26-145-1,28-163-1,21-27-183-3-1,28-40-223-1-1,'3-27,'1-6,'1-0,'3-2,'9-75,'7-101,'4-8,'8-12,'0-0,'0-1,31:03,28:57,Washington Redskins -7.5
2016-10-02,4,Tampa Bay Buccaneers,Denver Broncos,27,27,215,307,3,0,outdoors,grass ,"88 degrees relative humidity 63%, wind 7 mph",15,22,26-72-1,32-89-1,17-35-179-0-2,19-31-238-2-0,'5-36,'4-20,'2-1,'0-0,'9-69,'9-88,'5-16,'3-13,'0-1,'0-0,28:36,31:24,Denver Broncos -3.5
2016-10-02,4,San Diego Chargers,New Orleans Saints,35,35,346,275,3,2,outdoors,grass ,"74 degrees relative humidity 73%, wind 8 mph, wind chill 0",21,21,21-38-2,34-83-3,28-43-321-2-1,23-36-207-2-2,'3-13,'2-15,'4-2,'0-0,'5-46,'6-34,'6-13,'11-18,'0-1,'1-1,27:21,32:39,San Diego Chargers -3.5
2016-10-02,4,Arizona Cardinals,Los Angeles Rams,17,17,420,288,5,1,retractable roof (closed),grass ,,26,12,25-118-0,23-41-0,27-47-325-1-3,18-30-266-2-0,'3-23,'2-19,'2-2,'1-1,'6-45,'9-84,'6-13,'6-14,'0-0,'0-1,32:09,27:51,Arizona Cardinals -10.0
2016-10-02,4,San Francisco 49ers,Dallas Cowboys,24,24,295,428,1,0,outdoors,grass,"68 degrees relative humidity 60%, wind 10 mph, wind chill 0",14,26,29-106-1,39-194-1,16-23-196-1-1,23-32-245-2-0,'1-7,'2-11,'0-0,'0-0,'5-32,'6-45,'8-14,'6-14,'0-1,'0-0,23:33,36:27,Dallas Cowboys -1.0
2016-10-02,4,Pittsburgh Steelers,Kansas City Chiefs,43,14,436,357,0,2,outdoors,grass ,"59 degrees relative humidity 80%, wind 6 mph",18,22,26-149-1,18-87-0,22-27-300-5-0,30-50-287-2-1,'2-13,'4-17,'1-0,'3-1,'9-68,'7-40,'6-11,'8-17,'0-0,'2-3,29:24,30:36,Pittsburgh Steelers -3.0
2016-10-03,4,Minnesota Vikings,New York Giants,24,10,366,339,0,2,dome,sportturf,,22,18,33-104-2,18-78-1,26-36-262-1-0,25-45-261-0-1,'0-0,'0-0,'0-0,'1-1,'6-37,'8-69,'8-16,'2-12,'0-0,'0-2,35:32,24:28,Minnesota Vikings -3.5
2016-10-06,5,San Francisco 49ers,Arizona Cardinals,33,33,286,288,3,0,outdoors,grass,"75 degrees relative humidity 34%, wind 16 mph, wind chill 0",25,17,36-151-2,37-172-2,18-31-162-1-2,11-28-124-2-0,'7-27,'1-8,'2-1,'2-0,'4-34,'7-50,'4-14,'5-16,'1-1,'0-0,28:16,31:44,Arizona Cardinals -3.5
2016-10-09,5,Detroit Lions,Philadelphia Eagles,24,23,244,346,1,2,dome,fieldturf ,,21,18,27-80-0,21-116-0,19-25-180-3-0,25-33-238-2-1,'4-16,'3-8,'1-1,'2-1,'2-18,'14-111,'3-9,'5-11,'2-2,'0-0,30:24,29:36,Philadelphia Eagles -3.5
2016-10-09,5,Indianapolis Colts,Chicago Bears,29,23,396,522,0,1,retractable roof (open),fieldturf ,,20,25,21-98-0,19-125-0,28-39-322-2-0,33-43-397-2-0,'5-24,'0-0,'2-0,'3-1,'9-68,'10-80,'3-12,'2-9,'1-1,'0-1,29:55,30:05,Indianapolis Colts -4.0
2016-10-09,5,Pittsburgh Steelers,New York Jets,31,13,436,316,1,0,outdoors,grass ,"57 degrees relative humidity 60%, wind 9 mph",30,16,24-61-0,17-72-0,34-47-380-4-0,25-38-255-1-0,'1-5,'3-11,'2-1,'1-0,'1-10,'4-18,'5-10,'2-11,'0-1,'0-1,31:50,28:10,Pittsburgh Steelers -10.0
2016-10-09,5,Miami Dolphins,Tennessee Titans,30,30,200,398,2,0,outdoors,grass ,"88 degrees relative humidity 53%, wind 15 mph, wind chill 0",8,23,17-51-1,41-235-1,12-18-191-0-2,20-29-163-3-0,'6-42,'0-0,'0-0,'1-0,'8-83,'5-40,'4-11,'5-12,'0-0,'0-1,23:16,36:44,Miami Dolphins -2.5
2016-10-09,5,Cleveland Browns,New England Patriots,33,33,262,501,1,0,outdoors,grass ,"58 degrees relative humidity 58%, wind 13 mph, wind chill 0",17,24,22-27-0,35-98-1,20-35-249-2-1,28-41-406-3-0,'2-14,'1-3,'2-0,'0-0,'5-35,'5-61,'5-13,'9-17,'0-1,'0-1,25:21,34:39,New England Patriots -10.0
2016-10-09,5,Baltimore Ravens,Washington Redskins,16,16,306,310,1,2,outdoors,grass,"62 degrees relative humidity 53%, wind 16 mph, wind chill 0",18,18,19-118-0,20-60-0,30-47-210-1-0,29-41-260-1-1,'3-22,'1-10,'1-1,'2-1,'9-65,'4-46,'3-15,'3-12,'1-3,'1-2,30:25,29:35,Baltimore Ravens -4.0
2016-10-09,5,Minnesota Vikings,Houston Texans,31,13,351,214,0,1,dome,sportturf,,22,16,37-96-1,14-59-0,22-30-271-2-0,19-42-184-1-1,'2-16,'4-29,'0-0,'1-0,'9-97,'4-15,'7-14,'1-13,'0-0,'0-1,37:28,22:32,Minnesota Vikings -6.0
2016-10-09,5,Denver Broncos,Atlanta Falcons,23,23,267,372,1,1,outdoors,grass ,"72 degrees relative humidity 18%, wind 5 mph, wind chill 0",18,19,24-84-0,32-122-1,23-35-223-1-1,15-28-267-1-0,'6-40,'2-17,'3-0,'1-1,'8-57,'7-78,'4-16,'2-12,'4-4,'2-3,31:08,28:52,Denver Broncos -3.5
2016-10-09,5,Oakland Raiders,San Diego Chargers,34,31,389,423,1,4,outdoors,grass ,"75 degrees relative humidity 39%, wind 7 mph, wind chill 0",19,17,25-89-1,19-72-0,25-40-317-2-1,21-30-359-4-2,'3-17,'2-8,'0-0,'5-2,'6-36,'4-38,'5-14,'2-8,'1-1,'0-1,36:18,23:42,Oakland Raiders -3.5
2016-10-09,5,Dallas Cowboys,Cincinnati Bengals,28,14,402,345,1,0,retractable roof (closed),matrixturf,,21,27,29-180-3,19-96-0,18-24-227-1-0,29-41-269-2-0,'1-5,'4-20,'3-1,'0-0,'7-45,'6-49,'4-8,'5-12,'0-0,'1-1,27:43,32:17,Cincinnati Bengals -2.5
2016-10-09,5,Los Angeles Rams,Buffalo Bills,30,30,345,305,3,0,outdoors,grass,"91 degrees relative humidity 18%, wind 5 mph, wind chill 0",23,15,29-102-1,27-193-1,21-31-271-0-2,12-23-124-2-0,'4-28,'2-12,'2-1,'1-0,'6-40,'7-60,'4-12,'4-12,'0-2,'0-0,35:34,24:26,Buffalo Bills -2.5
2016-10-09,5,Green Bay Packers,New York Giants,23,16,406,221,2,1,outdoors,grass ,"49 degrees relative humidity 0%, wind 7 mph",23,14,32-147-0,15-43-0,23-45-259-2-2,18-35-199-1-0,'0-0,'4-21,'1-0,'1-1,'6-57,'6-51,'9-19,'4-13,'0-0,'0-0,36:38,23:22,Green Bay Packers -7.0
2016-10-10,5,Carolina Panthers,Tampa Bay Buccaneers,17,17,414,315,4,0,outdoors,grass ,"66 degrees relative humidity 35%, wind 7 mph, wind chill 0",20,20,25-136-2,37-113-0,18-28-278-0-2,18-30-219-1-0,'0-0,'2-17,'2-2,'1-0,'7-60,'5-40,'1-8,'6-15,'1-1,'0-0,25:51,34:09,Carolina Panthers -6.0
2016-10-13,6,San Diego Chargers,Denver Broncos,21,13,265,304,2,2,outdoors,grass ,"70 degrees relative humidity 63%, wind 9 mph, wind chill 0",16,16,29-99-0,16-84-0,18-29-178-1-0,30-50-230-1-0,'2-12,'2-10,'2-2,'2-2,'3-20,'12-103,'3-13,'6-15,'1-1,'0-1,33:28,26:32,Denver Broncos -3.0
2016-10-16,6,New England Patriots,Cincinnati Bengals,35,17,437,357,0,0,outdoors,fieldturf ,"66 degrees relative humidity 54%, wind 14 mph, wind chill 0",25,20,23-79-1,32-120-1,29-35-376-3-0,21-31-254-1-0,'3-18,'2-17,'0-0,'0-0,'6-55,'7-46,'4-10,'5-12,'1-1,'1-2,27:57,32:03,New England Patriots -7.5
2016-10-16,6,Buffalo Bills,San Francisco 49ers,45,16,492,300,2,1,outdoors,a_turf,"72 degrees relative humidity 61%, wind 22 mph, wind chill 0",29,16,44-313-4,28-133-0,16-27-179-2-0,13-29-187-1-0,'3-0,'3-20,'3-2,'2-1,'7-71,'6-52,'8-13,'3-13,'0-0,'0-2,35:11,24:49,Buffalo Bills -7.5
2016-10-16,6,Tennessee Titans,Cleveland Browns,28,26,407,341,1,0,outdoors,grass ,"75 degrees relative humidity 70%, wind 10 mph, wind chill 0",19,16,31-137-1,15-40-1,17-24-284-3-1,27-42-337-2-0,'2-14,'6-36,'0-0,'0-0,'7-96,'11-69,'7-13,'3-14,'0-0,'2-2,31:01,28:59,Tennessee Titans -7.5
2016-10-16,6,New York Giants,Baltimore Ravens,27,23,435,391,3,0,outdoors,fieldturf ,"66 degrees relative humidity 65%, wind 6 mph, wind chill 0",19,22,17-38-0,26-98-2,32-46-403-3-2,26-48-307-0-0,'1-6,'2-14,'1-1,'0-0,'7-119,'15-111,'4-14,'5-18,'3-3,'1-2,24:56,35:04,New York Giants -3.5
2016-10-16,6,Detroit Lions,Los Angeles Rams,31,28,348,387,0,1,dome,fieldturf ,,20,23,26-83-0,22-76-1,23-31-270-4-0,27-32-321-3-1,'1-5,'1-10,'0-0,'1-0,'7-62,'8-62,'6-11,'6-9,'2-2,'0-1,32:12,27:48,Detroit Lions -2.5
2016-10-16,6,Chicago Bears,Jacksonville Jaguars,17,17,389,317,0,2,outdoors,grass ,"69 degrees relative humidity 93%, wind 7 mph, wind chill 0",22,20,27-92-1,20-54-1,30-49-302-0-0,20-33-271-1-1,'1-5,'2-8,'1-0,'1-1,'10-87,'5-50,'7-17,'2-10,'0-1,'0-0,35:47,24:13,Chicago Bears -2.5
2016-10-16,6,Miami Dolphins,Pittsburgh Steelers,30,15,474,297,0,2,outdoors,grass ,"81 degrees relative humidity 79%, wind 15 mph, wind chill 0",24,15,36-222-3,16-128-1,24-32-252-0-0,19-35-189-1-2,'0-0,'2-20,'0-0,'0-0,'8-95,'6-65,'7-14,'3-11,'0-0,'0-1,36:30,23:30,Pittsburgh Steelers -7.5
2016-10-16,6,Washington Redskins,Philadelphia Eagles,27,20,493,239,1,0,outdoors,grass ,"69 degrees relative humidity 62%, wind 13 mph, wind chill 0",26,12,33-230-1,21-94-0,18-34-263-2-1,11-22-179-0-0,'0-0,'5-34,'0-0,'0-0,'9-75,'13-114,'7-13,'4-12,'0-0,'0-0,34:13,25:47,Philadelphia Eagles -3.0
2016-10-16,6,New Orleans Saints,Carolina Panthers,41,38,523,406,1,2,dome,sportturf,,23,32,21-63-1,27-103-3,34-49-465-4-1,27-47-322-2-1,'1-5,'2-19,'0-0,'1-1,'10-126,'5-51,'8-16,'3-11,'1-1,'1-1,28:55,31:05,Carolina Panthers -2.5
2016-10-16,6,Oakland Raiders,Kansas City Chiefs,26,26,285,406,2,0,outdoors,grass ,"61 degrees relative humidity 100%, wind 6 mph, wind chill 0",16,22,17-64-0,40-183-3,22-34-225-1-1,19-23-224-0-0,'2-4,'1-1,'2-1,'0-0,'3-25,'2-10,'4-10,'7-13,'0-2,'0-0,23:15,36:45,Kansas City Chiefs -1.0
2016-10-16,6,Green Bay Packers,Dallas Cowboys,30,30,372,424,4,2,outdoors,grass ,"69 degrees relative humidity 63%, wind 8 mph, wind chill 0",24,24,24-78-0,33-191-0,31-42-294-1-1,18-27-247-3-1,'1-0,'2-14,'5-3,'2-1,'5-23,'7-60,'7-13,'3-11,'0-1,'1-1,30:10,29:50,Green Bay Packers -5.0
2016-10-16,6,Seattle Seahawks,Atlanta Falcons,26,24,333,362,0,2,outdoors,fieldturf ,"54 degrees relative humidity 83%, wind 10 mph, wind chill 0",22,22,27-72-3,18-52-0,25-37-270-0-0,27-42-335-3-1,'1-9,'4-25,'3-0,'1-1,'3-30,'8-66,'5-14,'3-11,'0-0,'1-2,30:09,29:51,Seattle Seahawks -7.0
2016-10-16,6,Houston Texans,Indianapolis Colts,26,23,414,392,1,1,retractable roof (closed),fieldturf,,26,19,28-158-1,32-161-1,25-39-269-2-1,21-32-252-1-1,'1-13,'3-21,'1-0,'0-0,'7-59,'7-42,'5-11,'5-14,'0-0,'0-1,30:17,36:33,Houston Texans -3.0
2016-10-17,6,Arizona Cardinals,New York Jets,28,3,396,230,0,2,retractable roof (closed),grass ,,28,11,35-171-3,14-33-0,24-35-225-1-0,20-37-205-0-2,'0-0,'1-8,'3-0,'1-0,'9-64,'10-83,'6-11,'2-13,'0-0,'1-2,36:02,23:58,Arizona Cardinals -7.0
2016-10-20,7,Green Bay Packers,Chicago Bears,26,10,406,189,1,2,outdoors,grass ,"47 degrees relative humidity 63%, wind 10 mph",32,13,23-103-0,18-69-0,39-56-326-3-0,10-26-130-0-2,'2-23,'1-10,'2-1,'0-0,'9-56,'10-108,'9-16,'2-8,'1-2,'0-0,39:36,20:24,Green Bay Packers -7.5
2016-10-23,7,Los Angeles Rams,New York Giants,17,17,345,232,4,1,outdoors,grass,"55 degrees relative humidity 61%, wind 12 mph, wind chill 0",20,13,20-74-0,20-36-1,32-53-291-1-4,24-37-196-0-0,'3-20,'0-0,'4-0,'1-1,'8-43,'3-33,'9-19,'4-19,'1-1,'0-0,35:03,24:57,New York Giants -2.5
2016-10-23,7,Jacksonville Jaguars,Oakland Raiders,33,33,344,344,3,0,outdoors,grass ,"70 degrees relative humidity 47%, wind 6 mph, wind chill 0",19,21,16-105-0,34-144-2,23-43-246-1-2,23-37-200-1-0,'1-7,'0-0,'2-1,'1-0,'13-122,'11-117,'4-13,'8-18,'0-0,'1-1,26:33,33:27,Jacksonville Jaguars -2.0
2016-10-23,7,Philadelphia Eagles,Minnesota Vikings,21,10,239,282,4,4,outdoors,grass ,"62 degrees relative humidity 46%, wind 20 mph, wind chill 0",15,18,26-101-0,27-93-0,16-28-138-1-2,24-41-224-1-1,'0-0,'6-35,'4-2,'5-3,'7-53,'7-56,'4-11,'9-19,'1-1,'1-3,27:52,32:08,Minnesota Vikings -3.0
2016-10-23,7,Cincinnati Bengals,Cleveland Browns,31,17,559,352,1,2,outdoors,fieldturf ,"65 degrees relative humidity 50%, wind 5 mph, wind chill 0",23,22,30-271-2,26-180-2,19-28-308-2-0,21-35-182-0-2,'3-20,'2-10,'2-1,'0-0,'3-30,'5-35,'5-10,'6-14,'0-0,'0-0,28:12,31:48,Cincinnati Bengals -11.0
2016-10-23,7,Miami Dolphins,Buffalo Bills,28,25,454,267,0,0,outdoors,grass ,"81 degrees relative humidity 48%, wind 11 mph, wind chill 0",26,16,42-256-2,22-67-2,15-25-204-1-0,14-28-221-1-0,'1-6,'4-21,'0-0,'0-0,'13-116,'6-45,'5-12,'3-13,'0-0,'0-0,37:02,22:58,Buffalo Bills -2.5
2016-10-23,7,Detroit Lions,Washington Redskins,20,17,344,413,0,2,dome,fieldturf ,,19,26,19-94-1,29-130-1,18-29-266-1-0,30-39-301-1-0,'3-16,'2-18,'1-0,'4-2,'4-30,'4-20,'3-9,'9-15,'0-0,'0-0,25:01,34:59,Washington Redskins -1.0
2016-10-23,7,Tennessee Titans,Indianapolis Colts,34,34,331,422,1,0,outdoors,grass ,"68 degrees relative humidity 50%, wind 5 mph",26,26,28-124-1,24-81-0,22-37-232-2-0,27-39-353-3-0,'3-25,'2-12,'2-1,'0-0,'6-38,'12-131,'9-15,'4-10,'0-0,'0-0,27:30,32:30,Tennessee Titans -4.0
2016-10-23,7,Kansas City Chiefs,New Orleans Saints,27,21,326,463,0,2,outdoors,grass ,"68 degrees relative humidity 47%, wind 9 mph, wind chill 0",20,27,28-112-0,22-104-0,17-24-214-2-0,37-48-367-3-1,'0-0,'1-8,'0-0,'3-1,'4-30,'10-75,'3-9,'9-14,'0-0,'0-0,27:22,32:38,Kansas City Chiefs -7.0
2016-10-23,7,New York Jets,Baltimore Ravens,24,16,344,245,2,3,outdoors,fieldturf ,,16,11,39-155-1,11-11-0,13-22-215-2-0,25-44-248-0-2,'5-26,'2-14,'2-2,'3-1,'4-25,'4-35,'6-16,'3-14,'0-1,'0-1,36:37,23:23,New York Jets -2.5
2016-10-23,7,Atlanta Falcons,San Diego Chargers,33,33,386,426,1,2,dome,fieldturf ,,21,26,26-130-1,26-78-2,22-34-273-1-1,27-45-371-1-1,'3-17,'4-23,'0-0,'1-1,'9-70,'3-14,'6-12,'9-16,'0-1,'1-1,30:30,35:29,Atlanta Falcons -4.5
2016-10-23,7,San Francisco 49ers,Tampa Bay Buccaneers,34,34,273,513,3,1,outdoors,grass,"68 degrees relative humidity 49%, wind 5 mph, wind chill 0",20,27,28-160-1,41-249-1,16-34-143-1-1,21-30-269-3-1,'4-30,'2-5,'4-2,'2-0,'4-31,'7-78,'6-15,'6-14,'1-1,'0-1,26:11,33:49,San Francisco 49ers -1.0
2016-10-23,7,Pittsburgh Steelers,New England Patriots,27,27,375,362,1,2,outdoors,grass ,"63 degrees relative humidity 54%, wind 13 mph",17,21,22-94-0,29-140-2,29-47-281-1-1,19-26-222-2-0,'0-0,'0-0,'1-0,'2-2,'10-85,'4-40,'5-16,'7-12,'1-2,'0-0,32:29,27:31,New England Patriots -7.5
2016-10-23,7,Arizona Cardinals,Seattle Seahawks,6,6,443,257,0,0,retractable roof (closed),grass ,,23,11,37-132-0,19-52-0,29-49-342-0-0,24-37-225-0-0,'4-31,'1-20,'1-0,'2-0,'6-45,'10-90,'10-21,'3-14,'0-1,'0-0,46:21,28:39,Arizona Cardinals -2.5
2016-10-24,7,Denver Broncos,Houston Texans,27,9,347,271,0,2,outdoors,grass ,"71 degrees relative humidity 17%, wind 5 mph, wind chill 0",19,14,35-190-2,25-140-0,14-25-157-1-0,22-41-131-0-0,'0-0,'1-0,'1-0,'4-2,'7-83,'2-15,'3-11,'7-18,'0-0,'0-2,30:38,29:22,Denver Broncos -8.5
2016-10-27,8,Tennessee Titans,Jacksonville Jaguars,36,22,494,370,0,1,outdoors,grass ,"71 degrees relative humidity 78%, wind 3 mph, wind chill 0",25,27,43-214-2,11-48-0,19-23-280-2-0,33-54-337-3-0,'0-0,'2-15,'1-0,'2-1,'7-54,'7-75,'9-15,'6-13,'0-0,'0-1,34:25,25:35,Tennessee Titans -3.0
2016-10-30,8,Cincinnati Bengals,Washington Redskins,27,27,415,546,2,1,outdoors,grass ,"54 degrees relative humidity 90%, wind 2 mph, wind chill 0",35,30,36-152-3,31-100-1,27-42-284-1-1,38-56-458-2-1,'3-21,'1-12,'2-1,'0-0,'7-85,'15-106,'8-15,'8-17,'0-0,'0-2,35:18,39:42,Cincinnati Bengals -3.0
2016-10-30,8,Carolina Panthers,Arizona Cardinals,30,20,349,340,1,2,outdoors,grass ,"85 degrees relative humidity 53%, wind 5 mph, wind chill 0",19,22,36-141-2,10-24-0,14-27-212-0-0,35-46-363-3-1,'1-4,'8-47,'1-1,'2-1,'5-40,'10-88,'6-14,'4-12,'1-2,'1-1,30:48,29:12,Carolina Panthers -2.5
2016-10-30,8,Indianapolis Colts,Kansas City Chiefs,30,30,277,422,2,0,retractable roof (closed),fieldturf ,,18,20,21-105-0,27-88-0,19-35-210-2-1,25-41-350-3-0,'6-38,'3-16,'3-1,'0-0,'5-45,'6-40,'4-13,'7-16,'1-2,'0-0,26:24,33:36,Kansas City Chiefs -3.0
2016-10-30,8,Cleveland Browns,New York Jets,31,31,407,393,2,0,outdoors,grass ,"53 degrees relative humidity 91%, wind 15 mph",22,21,18-68-1,35-171-3,27-51-345-2-2,16-34-228-1-0,'1-6,'2-6,'1-0,'0-0,'2-10,'5-37,'8-16,'7-15,'0-0,'1-1,26:19,33:41,New York Jets -2.5
2016-10-30,8,Buffalo Bills,New England Patriots,41,41,376,357,0,0,outdoors,a_turf,"49 degrees relative humidity 92%, wind 9 mph",25,23,26-167-3,23-72-1,20-40-218-0-0,22-33-315-4-0,'2-9,'5-30,'2-0,'1-0,'12-84,'10-116,'4-13,'9-13,'2-4,'0-0,30:09,29:51,New England Patriots -5.5
2016-10-30,8,Tampa Bay Buccaneers,Oakland Raiders,30,30,270,626,0,1,outdoors,grass ,"86 degrees relative humidity 54%, wind 15 mph",18,27,27-102-1,24-128-0,16-32-180-2-0,40-59-513-4-0,'2-12,'2-15,'2-0,'1-1,'6-64,'23-200,'4-13,'7-18,'0-0,'1-1,29:03,44:12,Tampa Bay Buccaneers -1.0
2016-10-30,8,New Orleans Saints,Seattle Seahawks,25,20,375,359,1,1,dome,sportturf,,28,15,35-123-1,17-74-1,27-35-265-1-0,23-36-296-0-1,'2-13,'1-11,'1-1,'1-0,'2-10,'11-76,'9-15,'5-11,'0-0,'0-1,36:12,23:48,Seattle Seahawks -1.0
2016-10-30,8,Houston Texans,Detroit Lions,20,13,269,289,1,0,retractable roof (closed),fieldturf,,20,19,31-105-1,14-58-0,20-29-186-1-1,27-41-240-1-0,'3-22,'1-9,'1-0,'0-0,'6-49,'8-75,'6-15,'3-11,'1-1,'0-1,33:58,26:02,Houston Texans -1.0
2016-10-30,8,Denver Broncos,San Diego Chargers,27,19,324,369,3,3,outdoors,grass ,"76 degrees relative humidity 19%, wind 6 mph, wind chill 0",15,21,25-57-2,26-123-0,20-38-276-0-1,20-47-267-2-3,'1-9,'4-21,'4-2,'0-0,'6-45,'8-52,'5-15,'7-17,'0-1,'0-2,26:52,33:08,Denver Broncos -3.5
2016-10-30,8,Atlanta Falcons,Green Bay Packers,33,32,367,331,0,0,dome,fieldturf ,,25,24,19-90-1,19-108-0,28-35-288-3-0,28-38-246-4-0,'2-11,'3-23,'0-0,'1-0,'7-46,'6-68,'4-9,'6-10,'1-1,'0-1,28:43,31:17,Atlanta Falcons -3.0
2016-10-30,8,Dallas Cowboys,Philadelphia Eagles,29,23,460,291,1,1,retractable roof (closed),matrixturf,,26,21,34-187-1,24-97-1,19-40-287-2-1,32-44-202-1-0,'2-14,'3-8,'2-0,'4-1,'11-84,'5-40,'4-14,'6-15,'2-2,'0-0,33:57,33:15,Dallas Cowboys -5.0
2016-10-31,8,Chicago Bears,Minnesota Vikings,20,10,403,258,0,0,outdoors,grass ,"58 degrees relative humidity 71%, wind 12 mph, wind chill 0",19,15,29-158-1,18-57-0,20-31-252-1-0,23-37-228-1-0,'1-7,'5-27,'0-0,'2-0,'2-20,'1-10,'7-14,'2-13,'0-0,'2-2,32:41,27:19,Minnesota Vikings -4.5
2016-11-03,9,Tampa Bay Buccaneers,Atlanta Falcons,43,43,396,461,2,1,outdoors,grass ,"76 degrees, wind 2 mph",23,31,20-70-0,34-136-1,33-48-336-4-0,25-34-344-4-0,'2-10,'2-19,'2-2,'3-1,'11-85,'6-34,'8-14,'6-10,'1-2,'0-0,26:32,33:28,Atlanta Falcons -4.5
2016-11-06,9,Miami Dolphins,New York Jets,27,23,274,331,0,2,outdoors,grass ,"80 degrees, wind 14 mph",20,18,32-137-1,21-140-1,17-29-149-1-0,18-29-213-1-2,'1-12,'3-22,'3-0,'3-0,'8-86,'10-77,'5-11,'3-11,'0-1,'0-0,30:22,29:38,Miami Dolphins -3.5
2016-11-06,9,Kansas City Chiefs,Jacksonville Jaguars,19,14,231,449,0,4,outdoors,grass ,"62 degrees, wind 7 mph",10,25,22-62-0,32-205-0,20-33-187-1-0,22-41-252-2-1,'2-18,'2-8,'0-0,'3-3,'8-75,'5-46,'1-14,'5-13,'1-1,'0-2,30:21,29:39,Kansas City Chiefs -7.0
2016-11-06,9,Baltimore Ravens,Pittsburgh Steelers,21,14,274,277,1,1,outdoors,grass,"65 degrees, wind 15 mph",13,15,29-50-0,18-36-1,19-31-250-1-1,23-45-264-1-1,'3-26,'2-23,'2-0,'2-0,'10-94,'13-99,'4-17,'4-16,'0-0,'1-2,32:10,27:50,Pittsburgh Steelers -3.5
2016-11-06,9,New York Giants,Philadelphia Eagles,28,23,302,443,2,2,outdoors,fieldturf ,"56 degrees, wind 9 mph",16,21,24-54-0,25-96-2,22-36-257-4-2,27-47-364-0-2,'1-9,'2-17,'1-0,'1-0,'5-30,'4-43,'4-13,'3-15,'0-1,'1-4,27:20,32:40,New York Giants -3.0
2016-11-06,9,Minnesota Vikings,Detroit Lions,22,22,337,311,0,1,dome,sportturf,,22,18,25-78-1,25-97-0,31-40-273-1-0,23-36-219-2-1,'2-14,'1-5,'0-0,'0-0,'8-54,'6-57,'6-14,'7-14,'1-2,'0-0,33:08,33:31,Minnesota Vikings -4.5
2016-11-06,9,Cleveland Browns,Dallas Cowboys,35,35,222,423,0,0,outdoors,grass ,"58 degrees, wind 4 mph",13,29,13-45-0,42-168-2,19-27-203-1-0,22-28-255-3-0,'4-26,'0-0,'0-0,'1-0,'5-33,'4-38,'1-9,'8-12,'1-1,'2-2,20:21,39:39,Dallas Cowboys -7.0
2016-11-06,9,San Francisco 49ers,New Orleans Saints,41,41,486,571,4,0,outdoors,grass,"70 degrees, no wind",19,29,17-93-0,42-248-2,24-39-398-2-1,28-39-323-3-0,'1-5,'1-0,'3-3,'0-0,'9-78,'4-40,'2-9,'11-17,'0-2,'0-0,21:07,38:53,New Orleans Saints -5.0
2016-11-06,9,Los Angeles Rams,Carolina Panthers,13,13,339,244,1,0,outdoors,grass,"75 degrees, wind 2 mph",18,16,17-59-0,25-59-0,27-46-296-1-1,20-32-225-1-0,'4-16,'5-40,'1-0,'0-0,'10-109,'5-35,'4-14,'6-15,'2-3,'0-0,25:48,34:12,Carolina Panthers -3.0
2016-11-06,9,Green Bay Packers,Indianapolis Colts,31,31,405,355,1,2,outdoors,grass ,"68 degrees, wind 7 mph",25,22,19-116-0,28-85-2,26-43-297-3-1,23-36-281-1-2,'3-8,'2-11,'0-0,'1-0,'4-25,'4-35,'4-12,'7-14,'0-0,'0-0,29:57,30:03,Green Bay Packers -7.5
2016-11-06,9,San Diego Chargers,Tennessee Titans,43,35,476,393,0,3,outdoors,grass ,"76 degrees, wind 6 mph",31,24,39-208-1,19-80-2,24-33-275-2-0,27-43-313-3-2,'1-7,'0-0,'0-0,'1-1,'14-107,'8-57,'5-11,'5-11,'0-0,'1-1,36:29,23:31,San Diego Chargers -3.5
2016-11-06,9,Oakland Raiders,Denver Broncos,30,20,397,299,0,2,outdoors,grass ,"65 degrees, wind 6 mph",30,13,43-218-3,12-33-0,20-31-184-0-0,18-37-283-2-1,'2-5,'2-17,'0-0,'1-1,'8-72,'12-104,'5-14,'3-11,'0-0,'0-1,41:28,18:32,Oakland Raiders -1.0
2016-11-07,9,Seattle Seahawks,Buffalo Bills,31,25,278,425,0,1,outdoors,fieldturf ,"61 degrees, wind 4 mph",19,30,12-33-2,38-162-2,20-26-282-2-0,27-39-289-1-1,'4-37,'5-26,'0-0,'0-0,'10-75,'11-115,'2-7,'12-17,'0-0,'0-1,19:43,40:17,Seattle Seahawks -5.5
2016-11-10,10,Baltimore Ravens,Cleveland Browns,28,7,396,144,2,3,outdoors,grass,"54 degrees, wind 3 mph",29,11,34-119-0,13-33-0,30-41-296-3-2,17-31-150-1-2,'2-19,'4-39,'0-0,'2-1,'6-61,'3-35,'7-12,'2-10,'0-0,'0-0,38:36,21:24,Baltimore Ravens -7.5
2016-11-13,10,Carolina Panthers,Kansas City Chiefs,20,20,341,256,2,1,outdoors,grass ,"45 degrees, wind 6 mph",22,18,29-99-1,20-91-0,23-38-261-1-1,25-38-178-0-1,'2-19,'3-13,'1-1,'2-0,'6-53,'9-45,'6-14,'2-12,'1-1,'1-1,35:12,24:48,Carolina Panthers -3.0
2016-11-13,10,Tennessee Titans,Green Bay Packers,47,25,446,402,0,3,outdoors,grass ,"56 degrees, wind 3 mph",19,21,31-154-1,13-69-1,20-27-305-5-0,32-55-379-2-2,'1-13,'5-46,'0-0,'1-1,'7-65,'12-107,'7-14,'4-15,'0-1,'2-4,29:31,30:29,Green Bay Packers -3.0
2016-11-13,10,Washington Redskins,Minnesota Vikings,26,20,388,331,1,1,outdoors,grass ,"58 degrees, wind 7 mph",23,22,28-128-0,21-47-1,22-33-262-2-0,31-40-307-2-1,'1-2,'3-23,'1-1,'0-0,'4-35,'4-35,'6-12,'5-11,'0-0,'0-1,29:56,30:04,Washington Redskins -2.5
2016-11-13,10,Jacksonville Jaguars,Houston Texans,24,24,327,273,2,0,outdoors,grass ,"69 degrees, wind 10 mph",23,16,22-80-0,33-181-0,32-49-265-2-1,14-27-99-2-0,'2-18,'1-7,'3-1,'0-0,'4-48,'4-89,'10-17,'7-15,'0-1,'0-1,32:10,27:50,Jacksonville Jaguars -3.0
2016-11-13,10,Tampa Bay Buccaneers,Chicago Bears,36,10,360,283,1,4,outdoors,grass ,"81 degrees, wind 4 mph",22,15,31-80-1,20-122-0,23-33-312-2-1,16-30-182-1-2,'4-32,'4-21,'0-0,'3-2,'9-85,'9-74,'8-15,'2-11,'0-0,'0-0,37:09,22:51,Chicago Bears -2.5
2016-11-13,10,New Orleans Saints,Denver Broncos,25,25,373,337,4,2,dome,sportturf,,19,24,21-80-0,37-103-0,21-29-303-3-2,25-40-258-2-2,'1-10,'6-24,'2-2,'0-0,'3-25,'1-10,'4-9,'11-19,'0-0,'0-0,20:38,39:22,New Orleans Saints -3.0
2016-11-13,10,New York Jets,Los Angeles Rams,9,9,296,280,1,0,outdoors,fieldturf ,"62 degrees, wind 7 mph",17,16,25-139-0,34-125-0,19-32-163-1-1,17-30-165-0-0,'1-6,'3-10,'1-0,'1-0,'4-31,'7-55,'4-12,'6-17,'0-0,'0-0,25:31,34:29,Los Angeles Rams -1.0
2016-11-13,10,Philadelphia Eagles,Atlanta Falcons,24,15,429,303,1,1,outdoors,grass ,"58 degrees, wind 10 mph",25,11,38-208-2,13-48-0,25-36-231-0-0,18-33-267-1-1,'2-10,'2-12,'2-1,'0-0,'10-77,'8-67,'5-14,'2-11,'0-1,'0-1,38:10,21:50,Philadelphia Eagles -2.0
2016-11-13,10,San Diego Chargers,Miami Dolphins,31,31,379,337,4,1,outdoors,grass ,"85 degrees, wind 11 mph",29,17,24-70-0,25-106-1,23-44-326-3-4,17-24-240-2-0,'3-17,'1-9,'0-0,'3-1,'4-29,'11-81,'6-11,'4-10,'0-0,'0-0,32:59,27:01,San Diego Chargers -4.0
2016-11-13,10,Arizona Cardinals,San Francisco 49ers,23,20,443,281,4,1,retractable roof (closed),grass ,,26,15,23-80-1,28-83-1,30-49-376-1-2,17-30-210-1-0,'2-13,'3-12,'2-2,'1-1,'2-10,'9-100,'7-14,'7-17,'0-0,'1-1,32:18,27:42,Arizona Cardinals -13.5
2016-11-13,10,Pittsburgh Steelers,Dallas Cowboys,35,35,448,422,0,1,outdoors,grass ,"56 degrees, wind 7 mph",30,20,19-48-1,25-127-2,37-46-408-3-0,22-32-319-2-0,'1-8,'2-24,'1-0,'1-1,'4-40,'10-98,'4-10,'7-13,'0-0,'0-0,29:36,30:24,Pittsburgh Steelers -3.0
2016-11-13,10,New England Patriots,Seattle Seahawks,31,31,385,420,2,0,outdoors,fieldturf ,"43 degrees, wind 3 mph",25,23,28-81-3,26-96-0,23-32-316-0-1,25-37-348-3-0,'2-12,'3-24,'3-1,'1-0,'7-61,'8-60,'6-10,'6-12,'0-1,'0-0,29:35,30:25,New England Patriots -7.5
2016-11-14,10,New York Giants,Cincinnati Bengals,21,20,351,264,2,1,outdoors,fieldturf ,"56 degrees, wind 2 mph",23,12,27-122-0,23-78-1,28-44-240-3-2,16-29-204-1-1,'1-11,'3-18,'1-0,'0-0,'2-15,'9-60,'6-14,'2-11,'1-2,'0-0,31:23,28:37,Cincinnati Bengals -1.0
2016-11-17,11,Carolina Panthers,New Orleans Saints,23,20,223,371,0,2,outdoors,grass ,"63 degrees, wind 6 mph",17,28,27-50-1,25-107-0,14-33-192-1-0,35-44-285-2-1,'2-19,'3-21,'1-0,'2-1,'6-45,'6-48,'7-17,'4-13,'0-0,'2-2,27:45,32:15,Carolina Panthers -3.5
2016-11-20,11,Dallas Cowboys,Baltimore Ravens,27,17,417,368,0,0,retractable roof (closed),matrixturf,,27,17,30-118-0,16-101-1,27-36-301-3-0,23-35-269-1-0,'1-2,'1-2,'1-0,'1-0,'5-45,'12-136,'7-12,'3-9,'0-0,'0-0,35:39,24:21,Dallas Cowboys -7.0
2016-11-20,11,Cincinnati Bengals,Buffalo Bills,16,16,300,342,2,1,outdoors,fieldturf ,"36 degrees, wind 8 mph",23,20,27-93-1,34-183-1,24-43-207-1-2,19-27-166-0-1,'1-0,'2-7,'2-0,'1-0,'4-25,'9-75,'8-15,'3-12,'0-0,'1-1,27:49,32:11,Cincinnati Bengals -2.5
2016-11-20,11,Kansas City Chiefs,Tampa Bay Buccaneers,19,19,343,442,2,1,outdoors,grass ,"46 degrees, wind 9 mph",19,27,21-82-1,34-116-0,24-31-261-1-1,24-39-331-1-0,'0-0,'1-5,'2-1,'2-1,'5-30,'7-42,'4-8,'11-16,'0-0,'0-0,24:42,35:18,Kansas City Chiefs -7.0
2016-11-20,11,Detroit Lions,Jacksonville Jaguars,26,19,277,285,2,3,dome,fieldturf ,,14,16,21-14-1,27-83-0,24-33-278-0-0,22-35-202-2-2,'3-15,'0-0,'3-2,'2-1,'5-32,'4-25,'5-14,'4-14,'0-0,'0-0,27:05,32:55,Detroit Lions -5.5
2016-11-20,11,New York Giants,Chicago Bears,22,16,329,315,0,1,outdoors,fieldturf ,"41 degrees, wind 10 mph",19,17,29-102-1,25-93-1,21-36-227-2-0,17-30-252-1-1,'0-0,'4-30,'2-0,'2-0,'4-35,'5-40,'5-14,'4-12,'2-2,'0-0,29:31,30:29,New York Giants -7.0
2016-11-20,11,Minnesota Vikings,Arizona Cardinals,30,24,217,290,1,2,dome,sportturf,,16,24,24-72-1,28-135-1,20-28-169-1-0,20-38-198-2-2,'2-24,'4-43,'1-1,'1-0,'10-73,'8-96,'6-13,'4-13,'0-1,'0-1,28:58,31:02,Minnesota Vikings -2.0
2016-11-20,11,Indianapolis Colts,Tennessee Titans,24,17,327,351,1,0,retractable roof (closed),fieldturf ,,18,20,28-76-1,27-97-0,15-28-262-2-1,25-38-290-2-0,'2-11,'5-36,'0-0,'0-0,'8-70,'11-109,'5-12,'5-14,'1-1,'1-3,28:59,31:01,Indianapolis Colts -3.0
2016-11-20,11,Cleveland Browns,Pittsburgh Steelers,24,24,209,313,2,0,outdoors,grass ,"36 degrees, wind 27 mph",17,24,13-33-0,28-146-1,21-41-246-1-1,23-36-167-0-0,'8-70,'0-0,'1-1,'1-0,'9-52,'8-70,'4-15,'5-12,'5-5,'1-1,26:02,33:58,Pittsburgh Steelers -8.0
2016-11-20,11,Los Angeles Rams,Miami Dolphins,14,14,227,240,1,1,outdoors,grass,"63 degrees, wind 3 mph",12,17,28-102-1,19-98-0,17-31-134-0-0,24-34-172-2-1,'1-9,'4-30,'1-1,'0-0,'8-70,'8-82,'2-13,'1-11,'1-1,'0-0,31:19,28:41,Los Angeles Rams -1.0
2016-11-20,11,San Francisco 49ers,New England Patriots,30,30,299,444,0,0,outdoors,grass,"64 degrees, wind 6 mph",20,28,27-122-0,30-171-0,16-30-206-2-0,24-40-280-4-0,'5-29,'1-7,'5-0,'1-0,'10-68,'5-40,'5-14,'8-16,'0-0,'1-1,30:48,29:12,New England Patriots -10.5
2016-11-20,11,Seattle Seahawks,Philadelphia Eagles,26,15,439,308,0,2,outdoors,fieldturf ,"54 degrees, wind 5 mph",18,20,30-152-1,26-113-0,19-32-287-2-0,23-45-218-2-2,'1-0,'2-23,'1-0,'1-0,'7-48,'8-48,'5-15,'6-16,'0-0,'1-3,28:54,31:06,Seattle Seahawks -6.5
2016-11-20,11,Washington Redskins,Green Bay Packers,42,24,515,424,0,2,outdoors,grass ,"38 degrees, wind 23 mph",21,19,30-151-3,19-84-0,21-30-375-3-0,27-44-360-3-1,'2-11,'2-20,'0-0,'3-1,'6-40,'6-59,'9-14,'7-15,'1-1,'1-2,29:37,30:23,Washington Redskins -3.0
2016-11-21,11,Oakland Raiders,Houston Texans,27,20,325,354,1,2,outdoors,grass,"63 degrees, wind 6 mph",16,22,20-30-0,33-124-1,21-31-295-3-1,26-39-243-1-1,'0-0,'2-13,'1-0,'1-1,'4-21,'7-101,'4-11,'8-16,'1-2,'1-2,23:33,36:27,Oakland Raiders -6.5
2016-11-24,12,Detroit Lions,Minnesota Vikings,16,13,308,306,0,1,dome,fieldturf ,,18,17,19-94-0,16-82-1,23-40-232-1-0,31-37-224-0-1,'2-18,'0-0,'0-0,'0-0,'4-16,'5-40,'6-14,'2-10,'0-2,'0-1,28:29,31:31,Detroit Lions -1.5
2016-11-24,12,Dallas Cowboys,Washington Redskins,31,26,353,505,0,0,retractable roof (closed),matrixturf,,24,25,30-163-3,19-56-0,17-24-195-1-0,41-53-449-3-0,'1-5,'0-0,'0-0,'1-0,'3-25,'3-30,'4-8,'8-15,'0-0,'2-2,26:36,33:24,Dallas Cowboys -5.5
2016-11-24,12,Indianapolis Colts,Pittsburgh Steelers,28,28,310,369,2,0,retractable roof (closed),fieldturf ,,18,16,23-91-0,29-148-1,23-37-240-1-2,14-21-221-3-0,'3-21,'0-0,'1-0,'0-0,'2-10,'7-67,'8-15,'7-11,'2-4,'0-0,31:45,28:15,Pittsburgh Steelers -8.0
2016-11-27,12,Baltimore Ravens,Cincinnati Bengals,19,14,311,325,1,2,outdoors,grass,"50 degrees, wind 12 mph",16,22,30-92-0,20-64-0,25-36-234-1-1,26-48-283-1-0,'2-15,'3-22,'1-0,'4-2,'8-69,'2-15,'5-16,'5-16,'1-2,'1-1,31:17,28:43,Baltimore Ravens -3.5
2016-11-27,12,Atlanta Falcons,Arizona Cardinals,38,19,360,332,1,1,dome,fieldturf ,,28,23,30-116-3,14-58-0,26-34-269-2-1,25-45-289-2-1,'3-25,'2-15,'0-0,'1-0,'4-23,'8-60,'4-9,'4-11,'1-1,'1-2,34:22,25:38,Atlanta Falcons -4.0
2016-11-27,12,Buffalo Bills,Jacksonville Jaguars,28,21,304,301,0,0,outdoors,a_turf,"42 degrees, wind 13 mph",15,20,29-153-3,37-183-1,12-18-166-1-0,13-26-126-2-0,'5-15,'2-8,'0-0,'2-0,'6-31,'6-60,'5-12,'8-15,'1-1,'0-1,26:25,33:35,Buffalo Bills -8.5
2016-11-27,12,Houston Texans,San Diego Chargers,21,21,353,302,4,1,retractable roof (closed),fieldturf,,22,18,27-114-1,18-67-0,22-37-246-0-3,22-30-242-3-1,'1-7,'1-7,'2-1,'0-0,'9-58,'10-78,'4-11,'4-11,'1-2,'0-0,30:01,29:59,San Diego Chargers -2.5
2016-11-27,12,Chicago Bears,Tennessee Titans,27,27,411,375,2,0,outdoors,grass ,"40 degrees, wind 11 mph",25,18,22-95-0,29-149-1,28-54-316-3-2,15-23-226-2-0,'0-0,'0-0,'2-0,'1-0,'7-48,'6-118,'9-17,'5-11,'1-3,'0-0,30:35,29:25,Tennessee Titans -6.5
2016-11-27,12,New Orleans Saints,Los Angeles Rams,49,21,555,247,1,2,dome,sportturf,,27,13,32-209-2,17-69-0,29-37-360-5-0,20-32-214-3-1,'2-14,'3-36,'2-1,'1-1,'6-45,'6-62,'6-13,'2-10,'2-2,'0-1,35:56,24:04,New Orleans Saints -8.0
2016-11-27,12,Miami Dolphins,San Francisco 49ers,31,24,358,475,0,2,outdoors,grass ,"79 degrees, wind 13 mph",19,25,26-95-1,25-193-0,20-30-285-3-0,29-46-296-3-1,'2-22,'2-14,'2-0,'1-1,'4-42,'7-65,'6-12,'7-14,'0-0,'2-2,30:32,29:28,Miami Dolphins -7.5
2016-11-27,12,Cleveland Browns,New York Giants,27,27,343,296,3,1,outdoors,grass ,"48 degrees, wind 10 mph",21,13,21-58-0,27-104-0,25-44-322-1-0,15-27-194-3-0,'7-37,'1-2,'3-3,'1-1,'5-35,'9-100,'3-14,'4-13,'1-2,'0-0,33:51,26:09,New York Giants -6.5
2016-11-27,12,Tampa Bay Buccaneers,Seattle Seahawks,14,5,338,245,2,3,outdoors,grass ,"81 degrees, wind 6 mph",19,16,35-118-0,22-127-0,21-28-220-2-1,17-33-151-0-2,'0-0,'6-33,'2-1,'2-1,'7-68,'2-27,'4-11,'1-11,'0-0,'1-1,33:39,26:21,Seattle Seahawks -5.0
2016-11-27,12,New York Jets,New England Patriots,22,22,333,377,2,0,outdoors,fieldturf ,"47 degrees, wind 10 mph",16,26,23-64-0,21-91-0,22-32-269-2-0,30-50-286-2-0,'1-0,'0-0,'3-2,'1-0,'6-66,'2-15,'5-11,'4-14,'0-0,'1-1,29:24,30:36,New England Patriots -8.5
2016-11-27,12,Oakland Raiders,Carolina Panthers,35,32,366,358,2,2,outdoors,grass ,"59 degrees, wind 12 mph",22,19,31-56-1,25-129-3,26-39-315-2-1,14-29-246-2-1,'1-5,'2-17,'2-1,'2-1,'7-46,'7-67,'8-15,'3-10,'0-0,'0-1,33:37,26:23,Oakland Raiders -3.5
2016-11-27,12,Denver Broncos,Kansas City Chiefs,30,30,464,273,1,0,outdoors,grass ,"44 degrees, wind 21 mph",21,23,38-124-0,26-83-1,20-34-368-3-0,26-44-220-1-0,'5-28,'6-30,'3-1,'0-0,'15-97,'9-71,'9-20,'5-17,'1-1,'1-1,37:19,37:39,Denver Broncos -3.5
2016-11-28,12,Philadelphia Eagles,Green Bay Packers,27,27,292,387,1,0,outdoors,grass ,"47 degrees, wind 7 mph",20,25,18-81-1,28-74-1,24-36-254-0-1,30-39-313-2-0,'4-43,'0-0,'1-0,'1-0,'7-42,'7-51,'5-11,'10-14,'0-1,'1-1,24:37,35:23,Philadelphia Eagles -4.0
2016-12-01,13,Minnesota Vikings,Dallas Cowboys,17,17,318,264,1,2,dome,sportturf,,21,13,19-87-0,28-140-1,33-47-253-1-0,12-18-139-1-0,'3-22,'3-15,'3-1,'4-2,'8-57,'10-78,'6-16,'1-9,'0-0,'0-0,33:17,26:43,Dallas Cowboys -3.0
2016-12-04,13,Green Bay Packers,Houston Texans,21,13,309,307,1,1,outdoors,grass ,"32 degrees, wind 8 mph",16,17,26-109-1,27-123-0,20-30-209-2-0,22-35-202-2-0,'1-9,'2-18,'1-1,'1-1,'4-30,'3-12,'4-12,'6-15,'1-2,'1-2,28:29,31:31,Green Bay Packers -6.5
2016-12-04,13,New Orleans Saints,Detroit Lions,28,28,369,422,3,0,dome,sportturf,,20,24,12-50-1,23-85-0,31-44-326-0-3,30-42-341-2-0,'1-7,'2-4,'1-0,'0-0,'10-83,'6-39,'6-13,'5-12,'0-0,'0-0,23:08,36:52,New Orleans Saints -6.5
2016-12-04,13,Chicago Bears,San Francisco 49ers,26,6,326,147,1,0,outdoors,grass ,"33 degrees, wind 5 mph",19,10,40-142-3,34-141-0,11-18-192-0-0,5-15-39-0-0,'1-8,'6-33,'2-1,'1-0,'5-40,'11-106,'6-14,'4-14,'0-0,'0-0,31:18,28:42,Pick
2016-12-04,13,Jacksonville Jaguars,Denver Broncos,20,20,333,206,3,0,outdoors,grass ,"70 degrees, wind 10 mph",19,10,38-154-1,28-104-1,19-42-181-0-2,12-24-104-0-0,'1-2,'2-2,'1-1,'0-0,'6-65,'4-32,'6-18,'1-13,'1-2,'0-0,34:34,25:26,Denver Broncos -3.5
2016-12-04,13,Baltimore Ravens,Miami Dolphins,38,6,496,277,2,3,outdoors,grass,"47 degrees, wind 3 mph",28,16,20-110-1,16-62-0,37-50-386-4-1,29-40-226-1-3,'0-0,'2-11,'1-1,'2-0,'7-68,'7-57,'5-11,'4-13,'2-2,'0-0,29:14,30:46,Baltimore Ravens -3.5
2016-12-04,13,Cincinnati Bengals,Philadelphia Eagles,32,14,412,359,2,3,outdoors,fieldturf ,"42 degrees, wind 10 mph",21,22,33-80-1,19-53-1,23-31-332-2-0,36-60-308-1-3,'0-0,'1-2,'2-2,'0-0,'3-23,'10-88,'7-14,'8-17,'0-0,'3-5,28:02,31:58,Cincinnati Bengals -2.0
2016-12-04,13,Atlanta Falcons,Kansas City Chiefs,29,29,418,389,1,1,dome,fieldturf ,,32,17,30-128-2,22-123-2,22-34-297-1-1,21-25-270-1-0,'2-7,'1-4,'0-0,'1-1,'5-30,'13-128,'6-10,'3-10,'0-1,'2-2,31:52,28:08,Atlanta Falcons -5.0
2016-12-04,13,New England Patriots,Los Angeles Rams,26,10,402,162,0,2,outdoors,fieldturf ,"39 degrees, wind 8 mph",20,7,29-133-1,13-36-0,33-46-269-1-0,14-32-161-1-2,'0-0,'4-35,'1-0,'0-0,'8-46,'4-30,'4-16,'1-12,'2-2,'1-1,37:57,22:03,New England Patriots -13.0
2016-12-04,13,Oakland Raiders,Buffalo Bills,38,24,399,382,0,2,outdoors,grass ,"59 degrees, wind 4 mph",24,24,32-139-2,30-212-3,19-35-260-2-0,18-35-191-0-1,'0-0,'4-21,'0-0,'1-1,'7-65,'8-73,'5-13,'9-15,'0-0,'0-0,29:45,30:15,Oakland Raiders -3.0
2016-12-04,13,San Diego Chargers,Tampa Bay Buccaneers,28,28,330,349,2,1,outdoors,grass ,"72 degrees, wind 7 mph",18,20,25-119-1,30-81-1,15-26-225-2-2,20-30-280-1-1,'2-14,'1-12,'0-0,'0-0,'6-45,'6-35,'4-8,'5-13,'0-0,'1-1,28:19,31:41,San Diego Chargers -3.5
2016-12-04,13,Pittsburgh Steelers,New York Giants,24,14,389,234,2,2,outdoors,grass ,"43 degrees, wind 71 mph",20,16,30-117-0,14-56-0,24-37-289-2-1,24-39-195-2-2,'2-17,'2-17,'1-1,'0-0,'12-115,'4-24,'7-15,'4-11,'1-1,'0-3,34:08,25:52,Pittsburgh Steelers -6.5
2016-12-04,13,Arizona Cardinals,Washington Redskins,31,23,369,333,0,2,retractable roof (closed),grass ,,24,19,24-88-1,18-87-1,30-46-300-3-0,21-37-271-1-1,'2-19,'2-25,'1-0,'2-1,'6-51,'7-35,'10-16,'5-11,'1-1,'0-0,33:46,26:14,Arizona Cardinals -2.5
2016-12-04,13,Seattle Seahawks,Carolina Panthers,40,7,534,271,1,2,outdoors,fieldturf ,"37 degrees, wind 4 mph",29,14,29-240-3,21-89-0,28-39-315-1-1,14-33-182-1-1,'3-21,'0-0,'1-0,'1-1,'6-37,'6-63,'7-14,'5-12,'0-1,'0-1,34:01,25:59,Seattle Seahawks -8.0
2016-12-05,13,New York Jets,Indianapolis Colts,41,41,250,421,3,1,outdoors,fieldturf ,"45 degrees, wind 6 mph",13,27,14-36-0,40-139-1,16-37-216-1-3,23-29-289-4-0,'1-2,'1-7,'1-0,'2-1,'6-90,'3-28,'3-11,'7-13,'1-2,'0-1,21:36,38:24,New York Jets -1.0
2016-12-08,14,Kansas City Chiefs,Oakland Raiders,21,13,323,244,3,0,outdoors,grass ,"21 degrees, wind 7 mph",14,18,27-65-1,31-135-1,17-26-264-1-1,17-41-117-0-0,'1-6,'1-8,'2-2,'1-0,'9-73,'10-82,'5-11,'5-18,'0-1,'1-3,28:15,31:45,Kansas City Chiefs -3.5
2016-12-11,14,Buffalo Bills,Pittsburgh Steelers,27,27,275,460,1,3,outdoors,a_turf,"27 degrees, wind 9 mph",14,24,18-67-1,42-240-3,15-25-228-2-1,17-31-220-0-3,'5-20,'0-0,'0-0,'0-0,'7-46,'6-45,'3-9,'6-14,'0-0,'1-1,21:19,38:41,Pittsburgh Steelers -1.0
2016-12-11,14,Miami Dolphins,Arizona Cardinals,26,23,314,300,3,4,outdoors,grass ,"77 degrees, wind 18 mph",15,21,31-83-0,27-175-1,18-25-242-3-1,18-33-145-2-2,'1-11,'3-20,'5-2,'4-2,'14-118,'7-54,'4-13,'4-13,'0-0,'0-0,30:04,29:56,Arizona Cardinals -2.0
2016-12-11,14,Carolina Panthers,San Diego Chargers,28,16,272,278,1,5,outdoors,grass ,"37 degrees, wind 6 mph",17,17,38-126-1,20-58-0,10-27-160-1-1,21-39-236-2-3,'2-14,'5-16,'0-0,'2-2,'5-35,'7-32,'5-15,'5-13,'1-1,'0-1,32:37,27:23,Carolina Panthers -1.0
2016-12-11,14,Detroit Lions,Chicago Bears,20,17,323,296,2,0,dome,fieldturf ,,25,16,28-114-1,17-92-0,21-35-223-1-2,20-32-212-1-0,'3-14,'1-8,'0-0,'0-0,'7-55,'11-139,'6-12,'4-10,'0-0,'0-1,34:17,25:43,Detroit Lions -7.5
2016-12-11,14,Tennessee Titans,Denver Broncos,13,10,253,348,0,2,outdoors,grass ,"50 degrees, wind 5 mph",16,19,42-180-1,9-18-0,6-21-88-0-0,36-52-350-1-0,'2-15,'3-20,'1-0,'2-2,'5-55,'9-87,'6-16,'3-11,'0-0,'1-2,32:27,27:33,Tennessee Titans -2.0
2016-12-11,14,Indianapolis Colts,Houston Texans,22,22,348,316,3,1,retractable roof (closed),fieldturf ,,21,20,15-83-0,41-185-1,24-45-276-2-2,14-24-147-0-1,'1-11,'2-16,'1-1,'1-0,'9-59,'7-124,'5-12,'5-14,'0-1,'0-0,23:55,36:05,Indianapolis Colts -6.5
2016-12-11,14,Jacksonville Jaguars,Minnesota Vikings,25,25,315,377,0,1,outdoors,grass ,"71 degrees, wind 5 mph",18,22,24-85-0,29-85-1,23-37-257-1-0,24-34-292-1-0,'4-27,'0-0,'0-0,'2-1,'14-114,'7-93,'7-16,'3-11,'1-1,'0-1,29:04,30:56,Minnesota Vikings -3.0
2016-12-11,14,Cleveland Browns,Cincinnati Bengals,23,23,254,360,1,0,outdoors,grass ,"28 degrees, wind 15 mph",13,21,22-169-1,38-213-1,12-28-104-0-1,20-28-180-2-0,'3-19,'4-33,'0-0,'1-0,'5-34,'6-43,'6-14,'8-15,'1-1,'0-0,25:07,34:53,Cincinnati Bengals -4.5
2016-12-11,14,Philadelphia Eagles,Washington Redskins,27,27,383,334,2,1,outdoors,grass ,"35 degrees, wind 3 mph",24,16,26-95-0,23-107-2,32-46-314-1-1,14-21-234-2-1,'4-26,'2-7,'3-1,'0-0,'5-54,'5-86,'9-18,'2-7,'2-3,'1-1,36:38,23:22,Washington Redskins -2.0
2016-12-11,14,San Francisco 49ers,New York Jets,23,23,364,404,0,1,outdoors,grass,"54 degrees, wind 8 mph",17,24,27-248-1,40-188-2,15-26-133-1-0,23-35-257-0-1,'2-17,'6-41,'0-0,'0-0,'3-25,'9-56,'2-12,'8-18,'0-1,'1-1,24:30,41:55,San Francisco 49ers -3.0
2016-12-11,14,Tampa Bay Buccaneers,New Orleans Saints,16,11,270,294,0,3,outdoors,grass ,"79 degrees, wind 9 mph",21,14,35-104-1,16-46-0,16-26-184-0-0,25-41-257-0-3,'2-18,'1-9,'0-0,'0-0,'7-65,'13-104,'6-13,'4-13,'0-0,'1-2,33:15,26:45,Tampa Bay Buccaneers -2.0
2016-12-11,14,Green Bay Packers,Seattle Seahawks,38,10,330,354,0,6,outdoors,grass ,"26 degrees, wind 5 mph",18,22,30-93-2,26-136-0,18-25-246-3-0,22-39-240-1-5,'1-9,'3-22,'0-0,'1-1,'5-50,'7-63,'4-11,'6-12,'0-1,'0-1,28:10,31:50,Seattle Seahawks -3.0
2016-12-11,14,Los Angeles Rams,Atlanta Falcons,42,42,312,286,5,0,outdoors,grass,"65 degrees, wind 1 mph",21,18,23-104-2,25-66-1,24-41-235-0-2,18-30-237-3-0,'3-27,'2-17,'3-3,'0-0,'11-105,'5-40,'6-14,'4-13,'0-0,'0-0,32:52,27:08,Atlanta Falcons -4.5
2016-12-11,14,New York Giants,Dallas Cowboys,10,7,260,260,3,3,outdoors,fieldturf ,"32 degrees, no wind",12,13,33-93-0,25-108-0,17-28-193-1-1,17-37-165-1-2,'3-26,'3-13,'4-2,'2-1,'7-50,'5-54,'2-14,'1-15,'2-2,'1-2,30:52,29:08,Dallas Cowboys -3.5
2016-12-12,14,New England Patriots,Baltimore Ravens,30,23,496,348,3,1,outdoors,fieldturf ,"31 degrees, wind 3 mph",20,17,26-95-1,14-42-0,25-38-406-3-1,37-52-324-2-1,'1-5,'2-18,'2-2,'0-0,'5-48,'8-47,'8-16,'6-16,'1-1,'0-0,29:14,30:46,New England Patriots -6.0
2016-12-15,15,Seattle Seahawks,Los Angeles Rams,24,3,299,183,1,0,outdoors,fieldturf ,"36 degrees, wind 5 mph",19,13,30-72-0,17-47-0,19-26-229-3-1,18-35-167-0-0,'2-2,'4-31,'1-0,'1-0,'13-86,'8-76,'7-15,'3-12,'1-1,'0-4,32:31,27:29,Seattle Seahawks -15.0
2016-12-17,15,New York Jets,Miami Dolphins,34,34,360,303,4,1,outdoors,fieldturf ,"35 degrees, wind 5 mph",20,13,23-116-0,27-67-0,25-46-266-1-3,12-18-236-4-1,'3-22,'1-0,'3-1,'1-0,'3-42,'9-70,'5-15,'5-12,'0-3,'0-0,32:32,27:28,Miami Dolphins -2.5
2016-12-18,15,Baltimore Ravens,Philadelphia Eagles,27,26,340,328,2,1,outdoors,grass,"62 degrees, wind 9 mph",18,27,24-151-1,38-169-2,16-30-206-2-1,22-42-170-0-1,'3-17,'1-11,'2-1,'3-0,'7-62,'3-30,'4-11,'8-18,'0-0,'1-3,23:22,36:38,Baltimore Ravens -5.0
2016-12-18,15,Houston Texans,Jacksonville Jaguars,21,20,387,150,2,1,retractable roof (closed),fieldturf,,23,9,31-79-1,20-67-1,29-47-308-0-2,12-28-92-0-1,'0-0,'2-9,'3-0,'0-0,'6-71,'12-91,'4-14,'3-13,'0-1,'0-1,36:42,23:18,Houston Texans -3.5
2016-12-18,15,Kansas City Chiefs,Tennessee Titans,19,19,316,389,1,3,outdoors,grass ,"1 degrees, wind 5 mph",13,21,28-157-2,29-148-2,15-28-163-0-1,19-33-241-0-1,'1-4,'1-0,'2-0,'2-2,'5-40,'2-25,'4-14,'6-14,'1-2,'1-1,29:25,30:35,Kansas City Chiefs -6.0
2016-12-18,15,Buffalo Bills,Cleveland Browns,33,13,451,269,0,0,outdoors,a_turf,"26 degrees, wind 15 mph",29,16,40-280-3,21-107-1,17-25-174-1-0,17-28-196-0-0,'1-3,'5-34,'0-0,'2-0,'5-42,'4-51,'4-9,'3-11,'0-1,'1-1,34:19,25:41,Buffalo Bills -10.5
2016-12-18,15,New York Giants,Detroit Lions,17,6,300,324,0,2,outdoors,fieldturf ,"55 degrees, wind 1 mph",17,16,32-114-0,19-56-0,20-28-201-2-0,24-39-273-0-1,'2-15,'1-5,'0-0,'2-1,'5-46,'2-15,'7-15,'5-14,'0-0,'0-0,30:16,29:44,New York Giants -4.0
2016-12-18,15,Chicago Bears,Green Bay Packers,30,30,449,451,4,0,outdoors,grass ,"11 degrees, wind 12 mph",29,20,19-95-1,23-226-3,30-43-362-2-3,19-31-252-0-0,'1-8,'4-27,'1-1,'0-0,'6-40,'8-64,'3-8,'3-10,'0-0,'0-1,27:13,32:47,Green Bay Packers -4.5
2016-12-18,15,Minnesota Vikings,Indianapolis Colts,34,34,282,411,3,0,dome,sportturf,,20,27,9-34-0,40-161-2,32-42-291-0-1,21-28-250-2-0,'5-43,'0-0,'2-2,'0-0,'6-27,'5-55,'3-9,'7-13,'0-1,'0-1,22:58,37:02,Minnesota Vikings -5.0
2016-12-18,15,Cincinnati Bengals,Pittsburgh Steelers,24,24,222,382,1,0,outdoors,fieldturf ,"24 degrees, wind 8 mph",19,26,28-76-2,29-97-0,16-27-157-0-1,21-36-286-1-0,'1-11,'1-1,'0-0,'1-0,'8-86,'7-104,'6-12,'5-13,'1-1,'0-0,27:28,32:32,Pittsburgh Steelers -3.0
2016-12-18,15,Arizona Cardinals,New Orleans Saints,48,48,425,488,2,1,retractable roof (closed),grass ,,26,33,15-116-3,32-130-2,28-40-318-2-0,37-48-389-4-0,'1-9,'3-31,'2-2,'1-1,'7-52,'5-46,'5-10,'9-14,'1-1,'1-1,22:47,37:13,Arizona Cardinals -3.0
2016-12-18,15,Atlanta Falcons,San Francisco 49ers,41,13,550,272,1,1,dome,fieldturf ,,29,15,41-248-3,20-107-0,18-24-302-2-0,20-33-183-2-0,'1-0,'2-18,'2-1,'1-1,'4-27,'4-20,'5-9,'6-13,'0-0,'0-0,36:01,23:59,Atlanta Falcons -13.5
2016-12-18,15,San Diego Chargers,Oakland Raiders,19,19,263,345,2,2,outdoors,grass ,"62 degrees, wind 5 mph",14,18,22-73-0,29-145-0,17-30-206-2-1,19-30-213-1-1,'3-16,'2-13,'2-1,'2-1,'6-44,'2-15,'8-15,'4-13,'0-1,'0-0,27:43,32:17,Oakland Raiders -2.5
2016-12-18,15,Denver Broncos,New England Patriots,16,16,309,313,3,0,outdoors,grass ,"18 degrees, wind 9 mph",15,20,17-58-0,39-136-1,25-40-282-0-1,16-32-188-0-0,'4-31,'2-11,'2-2,'3-0,'5-49,'4-30,'2-12,'5-17,'0-1,'0-1,26:24,33:36,New England Patriots -3.0
2016-12-18,15,Dallas Cowboys,Tampa Bay Buccaneers,26,20,449,276,1,4,retractable roof (closed),matrixturf,,24,16,32-185-2,20-52-0,32-36-279-0-0,17-35-247-2-3,'3-15,'4-23,'2-1,'2-1,'8-91,'3-35,'5-13,'4-12,'0-0,'0-1,36:04,23:56,Dallas Cowboys -7.0
2016-12-19,15,Washington Redskins,Carolina Panthers,26,26,335,438,3,0,outdoors,grass ,"32 degrees, wind 8 mph",18,22,13-29-1,33-148-0,32-47-315-0-1,21-37-300-2-0,'1-9,'2-10,'2-2,'1-0,'7-70,'6-62,'2-12,'4-15,'1-1,'0-0,25:21,34:39,Washington Redskins -7.0
2016-12-22,16,Philadelphia Eagles,New York Giants,24,19,286,470,1,3,outdoors,grass ,"40 degrees, wind 10 mph",15,24,30-118-1,25-114-0,14-25-168-1-1,38-63-356-1-3,'0-0,'0-0,'0-0,'2-0,'1-5,'5-50,'4-12,'10-22,'0-1,'1-2,25:56,34:04,Philadelphia Eagles -1.5
2016-12-24,16,Chicago Bears,Washington Redskins,41,41,458,478,5,0,outdoors,grass ,"37 degrees, wind 1 mph",31,21,26-140-1,35-208-4,24-40-323-2-5,18-29-270-1-0,'1-5,'0-0,'0-0,'0-0,'4-52,'7-73,'7-10,'8-13,'1-1,'0-1,27:25,32:35,Washington Redskins -3.0
2016-12-24,16,Carolina Panthers,Atlanta Falcons,33,33,302,408,2,0,outdoors,grass ,"56 degrees, wind 5 mph",17,21,23-119-0,24-152-1,18-43-198-1-2,27-33-277-2-0,'2-15,'4-21,'0-0,'1-0,'4-24,'6-45,'4-15,'6-14,'3-4,'0-0,27:15,32:45,Atlanta Falcons -3.0
2016-12-24,16,New England Patriots,New York Jets,41,3,325,239,0,4,outdoors,fieldturf ,"40 degrees, wind 6 mph",21,14,40-114-2,29-111-0,18-29-220-3-0,8-24-136-0-3,'1-9,'2-8,'1-0,'1-1,'3-20,'6-77,'11-18,'1-11,'0-0,'2-3,34:43,25:17,New England Patriots -17.0
2016-12-24,16,Green Bay Packers,Minnesota Vikings,38,25,348,446,0,2,outdoors,grass ,"37 degrees, wind 8 mph",19,22,15-40-1,20-93-0,28-39-347-4-0,34-50-382-3-0,'4-39,'4-29,'1-0,'2-2,'3-21,'8-70,'6-13,'5-15,'0-0,'3-3,28:59,31:01,Green Bay Packers -6.0
2016-12-24,16,Buffalo Bills,Miami Dolphins,34,34,589,494,0,1,outdoors,a_turf,"38 degrees, wind 13 mph",30,22,49-272-1,38-261-2,26-39-329-3-0,16-30-233-2-1,'2-12,'0-0,'1-0,'0-0,'5-35,'2-15,'8-18,'5-12,'1-2,'0-0,40:33,33:40,Buffalo Bills -4.5
2016-12-24,16,Cleveland Browns,San Diego Chargers,20,17,251,356,0,1,outdoors,grass ,"38 degrees, wind 13 mph",23,19,29-124-2,19-34-0,19-28-175-0-0,23-46-322-2-1,'9-48,'0-0,'0-0,'1-0,'4-44,'9-92,'6-15,'5-15,'1-1,'2-2,32:29,27:31,San Diego Chargers -4.5
2016-12-24,16,Jacksonville Jaguars,Tennessee Titans,38,17,415,263,1,1,outdoors,grass ,"67 degrees, wind 5 mph",25,19,28-84-1,20-58-0,27-39-345-2-0,21-44-223-2-1,'2-14,'3-18,'2-1,'1-0,'4-45,'6-49,'4-12,'5-14,'0-0,'0-1,32:31,27:29,Tennessee Titans -4.0
2016-12-24,16,Oakland Raiders,Indianapolis Colts,33,25,463,390,0,3,outdoors,grass ,"50 degrees, wind 9 mph",27,20,37-210-2,24-102-1,23-34-261-3-0,19-29-288-2-2,'1-8,'0-0,'1-0,'1-1,'10-93,'4-22,'9-15,'4-8,'0-0,'0-1,36:05,23:55,Oakland Raiders -3.5
2016-12-24,16,Los Angeles Rams,San Francisco 49ers,22,22,177,323,2,2,outdoors,grass,"59 degrees, wind 6 mph",13,21,29-99-2,29-70-1,11-24-90-1-2,28-37-266-2-1,'4-12,'4-13,'2-0,'2-1,'5-45,'11-100,'4-13,'6-16,'1-1,'1-1,28:57,31:03,Los Angeles Rams -6.0
2016-12-24,16,New Orleans Saints,Tampa Bay Buccaneers,31,24,417,349,0,2,dome,sportturf,,25,23,31-123-2,21-89-1,23-34-299-1-0,23-35-277-2-2,'2-5,'2-17,'1-0,'0-0,'7-59,'7-63,'5-12,'7-12,'0-0,'0-0,31:36,28:24,New Orleans Saints -3.0
2016-12-24,16,Seattle Seahawks,Arizona Cardinals,34,34,391,370,1,1,outdoors,fieldturf ,"39 degrees, wind 2 mph",24,21,27-78-0,29-94-3,29-45-350-4-0,16-27-284-1-0,'6-37,'1-8,'1-1,'1-1,'5-40,'7-85,'8-17,'1-9,'0-2,'0-0,33:42,26:18,Seattle Seahawks -9.0
2016-12-24,16,Houston Texans,Cincinnati Bengals,12,10,250,294,0,1,retractable roof (closed),fieldturf,,17,15,24-95-1,19-50-0,18-29-176-0-0,28-41-268-1-1,'4-21,'3-24,'1-0,'1-0,'3-25,'6-60,'4-14,'7-16,'0-0,'1-1,31:06,28:54,Houston Texans -3.0
2016-12-25,16,Pittsburgh Steelers,Baltimore Ravens,31,27,406,368,2,1,outdoors,grass ,"41 degrees, wind 9 mph",23,22,22-127-1,26-122-1,24-33-279-3-2,30-44-262-1-1,'0-0,'2-16,'0-0,'2-0,'4-45,'7-95,'3-7,'9-17,'0-0,'0-1,25:23,34:37,Pittsburgh Steelers -5.5
2016-12-25,16,Kansas City Chiefs,Denver Broncos,33,10,484,246,1,3,outdoors,grass ,"53 degrees, wind 9 mph",23,14,37-238-2,14-63-1,26-37-246-2-1,17-43-183-0-1,'0-0,'0-0,'2-0,'3-2,'8-65,'9-70,'9-17,'4-15,'0-0,'1-2,38:01,21:59,Kansas City Chiefs -3.5
2016-12-26,16,Dallas Cowboys,Detroit Lions,42,21,375,319,0,2,retractable roof (closed),matrixturf,,23,23,30-164-2,20-90-3,16-21-222-4-0,26-46-260-0-1,'1-11,'4-31,'0-0,'2-1,'8-47,'5-62,'4-8,'5-12,'0-0,'2-2,29:17,30:43,Dallas Cowboys -6.5
2017-01-01,17,Pittsburgh Steelers,Cleveland Browns,27,24,312,437,1,4,outdoors,grass ,"41 degrees, wind 1 mph",21,27,28-69-1,33-231-1,24-37-277-3-1,29-40-232-2-1,'4-34,'4-26,'1-0,'4-3,'9-43,'5-37,'3-14,'8-15,'2-2,'0-0,33:09,38:54,Pittsburgh Steelers -3.0
2017-01-01,17,Minnesota Vikings,Chicago Bears,38,10,374,323,1,5,dome,sportturf,,21,19,28-124-1,37-183-0,25-34-250-3-1,13-20-149-1-2,'0-0,'2-9,'0-0,'4-3,'2-15,'6-49,'6-12,'2-9,'0-1,'1-2,30:12,29:48,Minnesota Vikings -6.0
2017-01-01,17,Tennessee Titans,Houston Texans,24,17,236,289,1,1,outdoors,grass ,"52 degrees, wind 7 mph",16,20,29-103-1,22-46-1,16-26-150-1-1,26-48-278-1-0,'4-17,'4-35,'0-0,'1-1,'7-50,'6-35,'9-15,'3-15,'0-0,'4-6,30:52,29:08,Tennessee Titans -3.0
2017-01-01,17,Indianapolis Colts,Jacksonville Jaguars,24,20,384,470,2,2,retractable roof (closed),fieldturf ,,24,23,22-94-1,30-182-1,24-41-321-2-1,25-39-301-1-0,'4-31,'2-13,'1-1,'2-2,'4-35,'8-54,'2-10,'4-14,'1-1,'0-0,30:24,29:36,Indianapolis Colts -5.5
2017-01-01,17,Cincinnati Bengals,Baltimore Ravens,27,10,371,335,0,2,outdoors,fieldturf ,"40 degrees, wind 6 mph",25,22,38-153-2,16-72-1,18-28-226-1-0,33-51-279-0-2,'1-8,'3-16,'1-0,'0-0,'2-20,'4-41,'1-8,'8-16,'0-0,'1-3,30:42,29:18,Baltimore Ravens -2.5
2017-01-01,17,Philadelphia Eagles,Dallas Cowboys,27,13,346,195,0,2,outdoors,grass ,"50 degrees, wind 10 mph",24,15,30-114-1,21-69-0,27-43-245-2-0,16-29-151-1-2,'2-13,'3-25,'0-0,'1-0,'4-61,'5-35,'6-14,'5-12,'0-1,'0-0,35:42,24:18,Philadelphia Eagles -6.5
2017-01-01,17,Tampa Bay Buccaneers,Carolina Panthers,17,16,300,335,2,3,outdoors,grass ,"81 degrees, wind 6 mph",18,18,25-112-0,32-128-1,20-35-202-1-1,18-32-237-1-3,'3-14,'3-30,'1-1,'0-0,'5-30,'4-45,'4-12,'4-15,'0-0,'2-2,27:36,32:24,Tampa Bay Buccaneers -3.0
2017-01-01,17,Miami Dolphins,New England Patriots,35,35,280,396,2,0,outdoors,grass ,"80 degrees, wind 15 mph",16,22,23-75-0,29-120-1,24-34-205-2-1,25-34-276-3-0,'0-0,'0-0,'3-1,'0-0,'9-73,'7-64,'7-12,'7-12,'0-0,'0-0,28:38,31:22,New England Patriots -7.5
2017-01-01,17,New York Jets,Buffalo Bills,30,10,329,230,0,3,outdoors,fieldturf ,"42 degrees, wind 11 mph",18,14,30-127-0,28-68-1,20-30-210-2-0,15-31-182-0-1,'1-8,'3-20,'1-0,'2-2,'2-15,'0-0,'4-13,'6-16,'0-2,'0-1,31:27,28:33,Buffalo Bills -3.5
2017-01-01,17,Los Angeles Rams,Arizona Cardinals,44,44,123,344,3,2,outdoors,grass,"59 degrees, no wind",9,21,22-52-0,24-84-1,17-28-143-0-2,22-42-263-3-2,'7-72,'1-3,'5-1,'1-0,'9-61,'4-51,'2-14,'4-14,'1-2,'1-2,32:02,27:58,Arizona Cardinals -7.0
2017-01-01,17,Denver Broncos,Oakland Raiders,24,6,349,221,1,3,outdoors,grass ,"45 degrees, wind 9 mph",18,11,40-143-1,16-57-0,17-27-206-2-1,20-32-171-1-1,'0-0,'2-7,'1-0,'3-2,'5-43,'13-125,'5-15,'2-11,'1-3,'0-1,35:25,24:35,Denver Broncos -1.0
2017-01-01,17,San Diego Chargers,Kansas City Chiefs,37,37,398,365,2,1,outdoors,grass ,"59 degrees, wind 10 mph",26,26,26-129-0,31-103-1,22-38-269-2-2,21-28-264-2-1,'0-0,'1-2,'0-0,'0-0,'10-50,'4-19,'3-10,'8-12,'2-2,'0-0,29:12,30:48,Kansas City Chiefs -5.5
2017-01-01,17,Atlanta Falcons,New Orleans Saints,38,32,465,473,0,1,dome,fieldturf ,,25,26,22-142-1,23-132-2,27-36-331-4-0,29-50-350-2-1,'1-8,'2-9,'0-0,'1-0,'9-63,'6-70,'6-11,'7-16,'0-0,'3-3,29:45,30:15,Atlanta Falcons -7.5
2017-01-01,17,Washington Redskins,New York Giants,19,19,284,332,3,0,outdoors,grass ,"53 degrees, wind 1 mph",16,17,15-38-0,40-161-1,22-35-287-1-2,17-27-180-0-0,'4-41,'1-9,'2-1,'0-0,'5-42,'5-42,'4-12,'6-17,'0-0,'0-1,24:08,35:52,Washington Redskins -9.0
2017-01-01,17,San Francisco 49ers,Seattle Seahawks,25,25,253,376,2,0,outdoors,grass,"54 degrees, wind 5 mph",14,18,31-62-2,25-87-1,17-22-215-1-0,23-38-300-1-0,'5-24,'2-11,'3-2,'3-0,'4-25,'4-34,'2-11,'3-12,'2-3,'0-1,30:26,29:34,Seattle Seahawks -11.5
2017-01-01,17,Detroit Lions,Green Bay Packers,31,31,408,448,1,0,dome,fieldturf ,,24,28,21-76-1,31-153-0,26-41-347-2-1,27-39-300-4-0,'2-15,'1-5,'0-0,'0-0,'5-30,'10-75,'5-12,'7-13,'0-0,'0-0,25:51,34:09,Green Bay Packers -3.5
