date,week,home_team,away_team,home_score,away_score,home_yds,away_yds,home_TO,away_TO,roof,surface,weather,1stDownsHome,1stDownsAway,rushHome,rushAway,passHome,passAway,sacksHome,sacksAway,fumbleHome,fumbleAway,penaltyHome,penaltyAway,3rdDownHome,3rdDownAway,4thDownHome,4thDownAway,posessionHome,possessionAway,VegasLine,Over/Under
2015-09-10,1,New England Patriots,Pittsburgh Steelers,28,21,361,464,0,1,outdoors,fieldturf ,"65 degrees relative humidity 0%, wind 7 mph, wind chill 0",26,23,24-80-0,25-134-1,25-32-288-4-0,26-38-351-1-1,'2-7,'3-21,'1-0,'0-0,'7-64,'8-77,'7-11,'7-15,'0-0,'2-2,27:55,32:05,New England Patriots -7.0,52.0 
2015-09-13,1,St. Louis Rams,Seattle Seahawks,34,31,352,343,3,1,dome,astroplay,,19,21,26-76-2,32-124-0,18-27-297-1-0,32-41-251-1-1,'2-21,'6-32,'3-3,'0-0,'4-30,'7-46,'6-11,'8-19,'0-0,'1-2,28:32,37:28,Seattle Seahawks -4.0,40.5 
2015-09-13,1,Chicago Bears,Green Bay Packers,31,31,402,322,1,0,outdoors,grass ,"72 degrees relative humidity 39%, wind 11 mph, wind chill 0",25,21,33-189-1,30-133-1,18-36-225-1-1,18-23-189-3-0,'2-12,'0-0,'0-0,'0-0,'6-64,'10-74,'11-17,'6-10,'2-3,'1-1,31:52,28:08,Green Bay Packers -6.5,49.0 
2015-09-13,1,Washington Redskins,Miami Dolphins,17,17,349,256,2,1,outdoors,grass ,"69 degrees relative humidity 58%, wind 10 mph, wind chill 0",20,19,37-161-0,18-74-0,21-31-196-1-2,22-34-226-1-0,'1-8,'3-44,'1-0,'2-1,'11-88,'6-39,'6-14,'5-12,'0-1,'0-1,37:54,22:06,Miami Dolphins -3.0,43.5 
2015-09-13,1,Houston Texans,Kansas City Chiefs,27,27,396,330,2,0,retractable roof (closed),grass ,,24,19,21-98-0,32-97-0,26-47-334-2-1,22-33-243-3-0,'5-36,'2-10,'2-1,'1-0,'6-39,'2-25,'3-14,'3-13,'0-1,'0-0,24:41,35:19,Houston Texans -1.0,41.0 
2015-09-13,1,Jacksonville Jaguars,Carolina Panthers,20,20,265,263,3,1,outdoors,grass ,"77 degrees relative humidity 55%, wind 7 mph, wind chill 0",18,17,21-96-0,35-105-0,22-40-183-1-2,18-31-175-1-1,'5-14,'2-17,'1-1,'0-0,'3-25,'3-22,'3-12,'8-17,'1-2,'1-1,25:54,34:06,Carolina Panthers -3.0,40.5 
2015-09-13,1,Buffalo Bills,Indianapolis Colts,27,14,342,304,0,3,outdoors,a_turf,"56 degrees relative humidity 78%, wind 15 mph, wind chill 0",15,23,36-147-2,17-64-0,14-19-195-1-0,26-49-243-2-2,'0-0,'2-3,'2-0,'2-1,'11-113,'5-49,'5-13,'8-15,'0-0,'1-2,30:56,29:04,Indianapolis Colts -2.5,45.0 
2015-09-13,1,New York Jets,Cleveland Browns,31,10,333,321,1,5,outdoors,fieldturf ,"77 degrees relative humidity 49%, wind 8 mph, wind chill 0",18,15,36-154-2,28-104-0,15-24-179-2-1,18-32-231-1-1,'0-0,'3-14,'1-0,'4-4,'4-30,'12-109,'7-13,'8-16,'0-1,'1-2,28:20,31:40,New York Jets -3.5,39.5 
2015-09-13,1,Arizona Cardinals,New Orleans Saints,31,19,427,408,1,1,retractable roof (closed),grass ,,25,18,25-120-1,20-54-0,19-32-307-3-0,30-48-355-1-1,'0-0,'2-1,'1-1,'0-0,'5-30,'7-73,'5-10,'7-18,'0-0,'0-1,26:36,33:24,Arizona Cardinals -2.0,48.5 
2015-09-13,1,San Diego Chargers,Detroit Lions,33,28,483,302,3,2,outdoors,grass ,"84 degrees relative humidity 47%, wind 10 mph, wind chill 0",28,16,31-96-2,16-69-1,34-41-403-2-2,19-30-246-2-2,'2-16,'1-13,'2-1,'1-0,'5-40,'4-29,'6-11,'3-10,'0-0,'0-0,38:12,21:48,San Diego Chargers -2.5,45.5 
2015-09-13,1,Denver Broncos,Baltimore Ravens,19,13,219,173,1,2,outdoors,grass ,"88 degrees relative humidity 8%, wind 13 mph, wind chill 0",16,11,25-69-0,23-73-0,24-40-175-0-1,18-32-117-0-2,'4-25,'2-17,'0-0,'0-0,'8-45,'3-15,'8-18,'2-13,'0-0,'1-1,37:17,22:43,Denver Broncos -4.5,48.0 
2015-09-13,1,Tampa Bay Buccaneers,Tennessee Titans,42,42,273,309,2,1,outdoors,grass ,"84 degrees relative humidity 66%, wind 8 mph",16,20,26-92-0,32-124-1,16-33-210-2-2,13-15-209-4-0,'4-29,'2-24,'2-0,'2-1,'12-97,'8-55,'3-14,'4-9,'2-4,'0-0,28:30,31:30,Tampa Bay Buccaneers -3.0,41.0 
2015-09-13,1,Oakland Raiders,Cincinnati Bengals,33,33,246,396,2,0,outdoors,grass ,"73 degrees relative humidity 59%, wind 9 mph, wind chill 0",16,22,16-63-0,31-127-2,30-43-203-2-1,25-34-269-2-0,'2-20,'0-0,'2-1,'0-0,'5-32,'6-50,'3-12,'4-13,'2-3,'1-1,27:28,32:32,Cincinnati Bengals -3.0,43.0 
2015-09-13,1,Dallas Cowboys,New York Giants,27,26,436,288,3,0,retractable roof (closed),matrixturf,,27,18,23-80-0,24-99-1,36-45-356-3-2,20-36-193-0-0,'0-0,'1-3,'3-1,'0-0,'3-35,'5-44,'6-11,'6-14,'0-0,'0-0,37:10,22:50,Dallas Cowboys -6.0,51.5 
2015-09-14,1,Atlanta Falcons,Philadelphia Eagles,26,24,395,399,2,2,dome,fieldturf ,,21,23,35-105-0,16-63-2,23-34-298-2-2,36-52-336-1-2,'1-8,'0-0,'0-0,'0-0,'7-57,'10-88,'4-14,'3-12,'0-0,'1-1,35:27,24:33,Philadelphia Eagles -2.5,54.5 
2015-09-14,1,San Francisco 49ers,Minnesota Vikings,20,3,395,248,1,1,outdoors,grass,"70 degrees relative humidity 63%, wind 5 mph, wind chill 0",25,17,39-230-2,17-71-0,17-26-165-0-0,23-32-231-0-1,'1-0,'5-54,'1-1,'0-0,'8-57,'5-25,'5-12,'1-9,'0-0,'0-2,33:02,26:58,Minnesota Vikings -1.5,41.5 
2015-09-17,2,Kansas City Chiefs,Denver Broncos,31,31,314,299,5,1,outdoors,grass ,"87 degrees relative humidity 59%, wind 13 mph, wind chill 0",20,21,28-147-2,22-61-0,16-25-191-0-2,26-45-256-3-1,'5-24,'3-18,'3-3,'0-0,'9-60,'8-85,'0-7,'6-16,'0-0,'0-1,28:59,31:01,Kansas City Chiefs -3.0,42.0 
2015-09-20,2,Chicago Bears,Arizona Cardinals,48,48,335,300,2,2,outdoors,grass ,"70 degrees relative humidity 47%, wind 6 mph, wind chill 0",18,21,28-109-1,28-115-1,22-32-241-1-2,17-24-185-4-1,'2-15,'0-0,'3-0,'1-1,'14-170,'8-58,'2-12,'5-9,'0-1,'1-1,29:56,30:04,Arizona Cardinals -2.0,46.0 
2015-09-20,2,Cleveland Browns,Tennessee Titans,28,14,274,385,0,3,outdoors,grass ,"64 degrees relative humidity 59%, wind 12 mph, wind chill 0",13,21,30-116-1,30-166-0,8-15-172-2-0,21-37-257-2-0,'2-14,'7-38,'2-0,'4-3,'4-40,'9-85,'4-11,'7-16,'0-1,'2-2,24:49,35:11,Tennessee Titans -2.0,41.0 
2015-09-20,2,Carolina Panthers,Houston Texans,24,17,350,300,1,1,outdoors,grass ,"88 degrees relative humidity 43%, wind 6 mph, wind chill 0",25,21,33-172-1,23-61-1,18-37-195-2-1,27-58-244-1-1,'2-17,'1-5,'0-0,'1-0,'10-92,'10-70,'4-13,'5-19,'0-0,'2-4,32:29,27:31,Carolina Panthers -3.0,39.5 
2015-09-20,2,New York Giants,Atlanta Falcons,24,24,388,402,1,0,outdoors,fieldturf ,"73 degrees relative humidity 47%, wind 9 mph, wind chill 0",19,25,23-97-0,22-56-2,27-40-292-2-0,30-46-363-1-0,'2-1,'2-17,'2-1,'0-0,'6-35,'6-65,'10-17,'11-17,'0-1,'0-0,28:25,31:35,New York Giants -2.5,51.0 
2015-09-20,2,New Orleans Saints,Tampa Bay Buccaneers,26,26,323,333,3,2,dome,sportturf,,21,18,27-104-2,35-139-1,24-38-255-1-1,14-21-207-1-0,'4-36,'3-13,'5-2,'2-2,'10-115,'11-90,'7-14,'5-14,'1-1,'0-0,31:28,28:32,New Orleans Saints -10.0,47.5 
2015-09-20,2,Pittsburgh Steelers,San Francisco 49ers,43,18,453,409,0,1,outdoors,grass ,"66 degrees relative humidity 60%, wind 10 mph",21,27,25-84-3,31-111-0,21-27-369-3-0,33-46-335-2-0,'0-0,'5-37,'0-0,'2-1,'7-58,'7-46,'6-10,'7-17,'0-0,'3-5,23:01,36:59,Pittsburgh Steelers -6.5,45.5 
2015-09-20,2,Buffalo Bills,New England Patriots,40,40,349,507,3,2,outdoors,a_turf,"62 degrees relative humidity 57%, wind 7 mph, wind chill 0",23,28,27-160-2,15-56-1,23-30-242-3-3,38-59-466-3-0,'8-53,'2-15,'3-0,'2-2,'14-140,'11-119,'4-13,'3-10,'1-1,'0-2,30:03,29:57,New England Patriots -1.0,44.0 
2015-09-20,2,Minnesota Vikings,Detroit Lions,26,16,350,323,1,3,outdoors,fieldturf,"67 degrees relative humidity 0%, no wind, wind chill 0",20,25,42-199-2,16-38-0,14-18-153-1-0,32-53-286-2-1,'1-2,'1-1,'2-1,'2-2,'10-97,'6-39,'7-14,'6-13,'1-1,'2-2,31:06,28:54,Minnesota Vikings -2.0,43.5 
2015-09-20,2,Cincinnati Bengals,San Diego Chargers,24,19,389,354,2,3,outdoors,fieldturf ,"69 degrees relative humidity 47%, wind 6 mph, wind chill 0",20,19,36-175-0,25-131-0,16-26-214-3-0,21-27-241-2-1,'0-0,'4-18,'2-2,'2-2,'9-75,'8-64,'4-10,'4-11,'0-0,'0-0,29:51,30:09,Cincinnati Bengals -3.0,47.0 
2015-09-20,2,Washington Redskins,St. Louis Rams,24,10,373,213,1,0,outdoors,grass ,"72 degrees relative humidity 56%, wind 9 mph, wind chill 0",19,11,37-182-2,13-67-0,23-27-203-1-0,17-32-150-1-0,'2-12,'1-4,'1-1,'2-0,'7-53,'9-80,'8-16,'2-12,'0-0,'0-1,37:44,22:16,St. Louis Rams -3.0,41.0 
2015-09-20,2,Oakland Raiders,Baltimore Ravens,37,33,448,493,1,2,outdoors,grass ,"80 degrees relative humidity 32%, wind 8 mph, wind chill 0",27,29,19-97-1,25-109-1,30-46-351-3-1,32-45-384-2-1,'1-0,'0-0,'0-0,'1-1,'16-106,'10-109,'9-14,'4-11,'0-0,'2-2,29:33,30:27,Baltimore Ravens -6.0,43.0 
2015-09-20,2,Jacksonville Jaguars,Miami Dolphins,23,20,396,386,0,0,outdoors,grass ,"87 degrees relative humidity 55%, wind 5 mph, wind chill 0",19,17,33-123-0,16-42-0,18-33-273-2-0,30-44-359-2-0,'0-0,'2-15,'0-0,'1-0,'9-93,'13-112,'5-14,'5-15,'0-0,'0-1,30:08,29:52,Miami Dolphins -6.0,41.5 
2015-09-20,2,Philadelphia Eagles,Dallas Cowboys,20,20,226,359,3,2,outdoors,grass ,"77 degrees relative humidity 37%, wind 15 mph, wind chill 0",17,21,17-7-0,33-109-0,23-37-224-1-2,25-34-268-1-0,'1-5,'3-18,'1-1,'2-2,'8-60,'18-142,'2-11,'4-12,'1-1,'0-0,19:30,40:30,Philadelphia Eagles -5.0,55.0 
2015-09-20,2,Green Bay Packers,Seattle Seahawks,27,17,361,324,1,2,outdoors,grass ,"62 degrees relative humidity 52%, wind 9 mph, wind chill 0",21,21,29-127-0,25-119-0,25-33-249-2-0,19-30-206-2-1,'2-15,'2-1,'2-1,'1-1,'6-35,'6-92,'4-11,'3-9,'0-0,'0-0,33:18,26:42,Green Bay Packers -3.0,49.0 
2015-09-21,2,Indianapolis Colts,New York Jets,20,20,343,344,5,1,retractable roof (closed),fieldturf ,,17,20,24-93-0,27-101-0,21-37-250-1-3,22-34-244-2-1,'0-0,'1-1,'2-2,'1-0,'11-84,'8-90,'6-14,'4-12,'0-0,'0-0,28:12,31:48,Indianapolis Colts -7.0,46.5 
2015-09-24,3,New York Giants,Washington Redskins,32,21,363,393,0,3,outdoors,fieldturf ,"71 degrees relative humidity 60%, wind 4 mph, wind chill 0",19,22,31-84-1,20-88-0,23-32-279-2-0,30-49-316-1-2,'0-0,'1-11,'1-0,'2-1,'8-67,'7-58,'4-12,'6-15,'1-1,'2-3,31:30,28:30,New York Giants -3.5,44.0 
2015-09-27,3,St. Louis Rams,Pittsburgh Steelers,12,12,258,259,1,1,dome,astroplay,,12,17,18-71-0,22-62-1,19-29-197-0-1,25-30-230-0-1,'2-10,'5-33,'0-0,'1-0,'7-97,'4-63,'2-10,'6-12,'0-2,'0-0,27:41,32:19,Pittsburgh Steelers -1.0,48.0 
2015-09-27,3,Cleveland Browns,Oakland Raiders,27,27,355,469,2,1,outdoors,grass ,"75 degrees relative humidity 62%, wind 16 mph, wind chill 0",21,19,14-39-0,30-155-1,28-49-341-2-1,20-32-314-2-0,'5-25,'0-0,'2-1,'1-1,'6-50,'12-85,'8-16,'6-14,'1-1,'0-0,27:31,32:29,Cleveland Browns -3.5,42.5 
2015-09-27,3,Minnesota Vikings,San Diego Chargers,31,14,284,369,1,2,outdoors,fieldturf,"75 degrees relative humidity 0%, wind 12 mph, wind chill 0",18,21,31-163-3,28-90-0,13-24-121-0-1,26-40-309-2-1,'0-0,'4-30,'0-0,'1-1,'3-39,'7-74,'3-9,'8-17,'0-0,'0-1,26:31,33:29,Minnesota Vikings -1.0,44.5 
2015-09-27,3,Baltimore Ravens,Cincinnati Bengals,28,28,398,458,1,2,outdoors,sportturf,"70 degrees relative humidity 20%, wind 12 mph, wind chill 0",19,23,18-36-0,31-86-1,32-49-362-2-1,20-32-383-3-1,'0-0,'2-11,'1-0,'1-1,'13-116,'9-67,'7-16,'8-15,'2-3,'1-2,29:52,30:08,Baltimore Ravens -2.5,44.5 
2015-09-27,3,Tennessee Titans,Indianapolis Colts,35,35,433,378,2,2,outdoors,grass ,"74 degrees relative humidity 77%, wind 3 mph",28,20,27-88-2,23-133-2,27-44-367-2-2,18-30-260-2-2,'3-22,'3-15,'0-0,'1-0,'6-55,'11-71,'4-13,'4-11,'1-1,'1-1,34:59,25:01,Indianapolis Colts -3.5,46.0 
2015-09-27,3,New York Jets,Philadelphia Eagles,24,24,323,231,4,1,outdoors,fieldturf ,"66 degrees relative humidity 52%, wind 7 mph, wind chill 0",19,18,16-47-0,38-123-1,35-58-283-2-3,14-28-118-1-0,'1-7,'1-10,'2-1,'1-1,'6-53,'5-21,'7-17,'4-14,'0-0,'0-0,31:49,28:11,New York Jets -1.5,45.5 
2015-09-27,3,Houston Texans,Tampa Bay Buccaneers,19,9,413,318,1,1,retractable roof (closed),fieldturf,,30,14,46-186-1,20-57-0,24-39-228-1-1,17-36-261-1-1,'1-1,'0-0,'2-0,'2-0,'6-58,'10-84,'8-18,'1-12,'0-0,'0-0,36:16,23:44,Houston Texans -6.5,40.5 
2015-09-27,3,Carolina Panthers,New Orleans Saints,27,22,431,380,0,2,outdoors,grass ,"69 degrees relative humidity 90%, wind 9 mph, wind chill 0",24,27,30-119-1,24-70-2,20-31-315-2-0,31-38-310-0-1,'1-3,'1-0,'0-0,'1-1,'10-88,'8-55,'5-11,'7-12,'1-1,'1-1,27:16,32:44,Carolina Panthers -9.5,43.5 
2015-09-27,3,Dallas Cowboys,Atlanta Falcons,39,39,347,438,1,0,retractable roof (closed),matrixturf,,23,26,21-127-4,32-158-3,22-26-232-0-1,24-36-285-2-0,'2-12,'1-5,'0-0,'0-0,'5-31,'6-70,'1-6,'9-14,'0-1,'0-0,25:47,34:13,Atlanta Falcons -1.0,43.5 
2015-09-27,3,New England Patriots,Jacksonville Jaguars,51,17,471,293,0,1,outdoors,fieldturf ,"68 degrees relative humidity 41%, wind 6 mph, wind chill 0",35,15,32-125-4,20-57-0,33-42-358-2-0,17-33-242-2-1,'2-12,'2-6,'0-0,'1-0,'4-30,'7-114,'11-14,'6-12,'0-0,'0-1,34:40,25:20,New England Patriots -13.5,49.0 
2015-09-27,3,Arizona Cardinals,San Francisco 49ers,47,7,446,156,1,4,retractable roof (closed),grass ,,28,10,37-139-2,29-103-1,20-32-311-2-1,9-19-67-0-4,'1-4,'2-14,'2-0,'1-0,'4-24,'6-45,'6-13,'4-12,'1-1,'0-0,36:32,23:28,Arizona Cardinals -6.5,45.0 
2015-09-27,3,Miami Dolphins,Buffalo Bills,41,41,391,428,3,0,outdoors,grass ,"87 degrees relative humidity 65%, wind 6 mph, wind chill 0",21,21,20-102-0,34-151-1,26-49-297-2-3,21-29-277-3-0,'2-8,'0-0,'1-0,'0-0,'6-36,'5-40,'4-13,'7-13,'1-4,'0-0,28:07,31:53,Miami Dolphins -2.5,41.5 
2015-09-27,3,Seattle Seahawks,Chicago Bears,26,0,371,146,0,0,outdoors,fieldturf ,"60 degrees relative humidity 53%, wind 5 mph, wind chill 0",17,7,29-159-0,27-98-0,20-30-235-1-0,9-17-63-0-0,'4-23,'2-15,'0-0,'0-0,'5-41,'6-40,'5-16,'3-13,'2-2,'0-0,32:36,27:24,Seattle Seahawks -14.5,43.5 
2015-09-27,3,Detroit Lions,Denver Broncos,24,24,290,354,3,2,dome,fieldturf ,,22,19,19-28-1,19-41-1,31-45-282-1-2,31-42-324-2-1,'4-20,'1-11,'1-1,'1-1,'9-75,'9-94,'4-12,'4-12,'0-1,'1-1,31:08,28:52,Denver Broncos -3.0,44.5 
2015-09-28,3,Green Bay Packers,Kansas City Chiefs,38,28,448,326,0,1,outdoors,grass ,"67 degrees relative humidity 93%, wind 5 mph, wind chill 0",26,23,32-123-0,18-75-3,24-35-333-5-0,24-40-290-1-1,'1-8,'7-39,'0-0,'2-0,'12-89,'7-38,'4-11,'2-10,'0-1,'2-2,33:30,26:30,Green Bay Packers -6.0,49.0 
2015-10-01,4,Pittsburgh Steelers,Baltimore Ravens,23,23,263,356,0,2,outdoors,grass ,"63 degrees relative humidity 62%, wind 8 mph",17,21,33-167-1,39-191-1,19-26-124-1-0,21-34-186-1-1,'4-28,'5-21,'2-0,'3-1,'4-20,'4-30,'2-13,'6-17,'0-2,'1-4,32:09,37:43,Baltimore Ravens -2.5,43.5 
2015-10-04,4,Miami Dolphins,New York Jets,27,27,226,425,2,1,outdoors,grass ,"59 degrees relative humidity 63%, wind 5 mph, wind chill 0",17,23,11-59-0,43-207-2,19-44-198-2-2,16-29-218-1-1,'3-31,'0-0,'1-0,'0-0,'9-80,'14-163,'0-12,'6-16,'0-4,'0-0,22:37,37:23,New York Jets -1.5,42.0 
2015-10-04,4,Indianapolis Colts,Jacksonville Jaguars,16,13,326,431,2,0,retractable roof (open),fieldturf ,,22,21,24-60-0,28-142-0,30-47-282-1-0,28-50-298-1-0,'3-16,'1-9,'3-2,'3-0,'4-45,'13-92,'7-15,'7-18,'0-0,'0-0,34:14,36:10,Indianapolis Colts -9.5,48.0 
2015-10-04,4,Buffalo Bills,New York Giants,24,24,313,303,2,1,outdoors,a_turf,"60 degrees relative humidity 66%, wind 8 mph, wind chill 0",14,19,24-55-0,28-92-0,28-42-274-1-1,20-35-212-3-1,'2-16,'1-1,'2-1,'1-0,'17-135,'11-85,'3-16,'3-15,'1-3,'0-0,29:27,30:33,Buffalo Bills -5.5,45.5 
2015-10-04,4,Chicago Bears,Oakland Raiders,22,20,371,266,3,2,outdoors,grass ,"55 degrees relative humidity 83%, wind 12 mph, wind chill 0",23,16,29-98-0,22-70-0,28-43-281-2-1,20-33-196-2-1,'3-8,'2-23,'3-2,'1-1,'7-48,'5-47,'10-17,'6-13,'1-1,'0-0,33:22,26:38,Oakland Raiders -3.0,44.0 
2015-10-04,4,Atlanta Falcons,Houston Texans,48,21,378,428,0,4,dome,fieldturf ,,22,24,35-135-4,17-54-1,19-27-256-1-0,29-57-382-2-1,'2-13,'1-8,'0-0,'3-3,'10-80,'5-35,'9-16,'7-15,'1-1,'0-2,35:52,24:08,Atlanta Falcons -6.0,47.0 
2015-10-04,4,Cincinnati Bengals,Kansas City Chiefs,36,21,445,461,0,1,outdoors,fieldturf ,"68 degrees relative humidity 64%, wind 5 mph, wind chill 0",18,24,26-124-4,23-113-0,17-24-321-1-0,31-45-386-0-0,'0-0,'5-38,'1-0,'1-1,'11-84,'7-46,'6-10,'7-16,'0-0,'0-0,23:07,36:53,Cincinnati Bengals -3.5,45.0 
2015-10-04,4,Washington Redskins,Philadelphia Eagles,23,20,417,320,1,2,outdoors,grass ,"58 degrees relative humidity 82%, wind 13 mph, wind chill 0",25,14,32-127-1,18-87-0,31-46-290-1-0,15-28-270-3-0,'1-0,'5-37,'2-1,'2-2,'10-110,'8-72,'9-17,'4-12,'0-0,'0-1,41:08,18:52,Philadelphia Eagles -3.0,44.0 
2015-10-04,4,Tampa Bay Buccaneers,Carolina Panthers,37,37,411,244,5,1,outdoors,grass ,"74 degrees relative humidity 92%, wind 5 mph",25,17,30-141-1,33-133-0,26-43-287-2-4,11-22-124-2-0,'2-17,'2-13,'1-1,'2-1,'5-48,'5-45,'8-16,'3-11,'2-2,'0-0,32:10,27:50,Carolina Panthers -3.0,40.0 
2015-10-04,4,San Diego Chargers,Cleveland Browns,30,27,438,432,0,1,outdoors,grass ,"68 degrees relative humidity 78%, wind 11 mph, wind chill 0",23,20,21-91-0,21-100-0,23-38-358-3-0,32-41-356-2-0,'2-11,'4-24,'0-0,'1-1,'6-31,'12-91,'3-11,'4-13,'0-0,'0-0,25:41,34:19,San Diego Chargers -7.0,44.5 
2015-10-04,4,Arizona Cardinals,St. Louis Rams,24,24,447,328,3,0,retractable roof (closed),grass ,,26,13,21-113-0,26-164-0,29-46-352-1-1,16-24-171-3-0,'4-18,'1-7,'3-2,'1-0,'3-20,'7-66,'2-11,'5-13,'1-2,'0-0,33:13,26:47,Arizona Cardinals -7.0,44.0 
2015-10-04,4,Denver Broncos,Minnesota Vikings,23,20,344,325,2,1,outdoors,grass ,"61 degrees relative humidity 57%, wind 9 mph, wind chill 0",18,19,24-144-1,21-113-1,17-27-213-1-2,27-41-269-1-0,'2-13,'7-57,'0-0,'3-1,'8-40,'9-63,'2-9,'6-16,'1-1,'2-2,26:06,33:54,Denver Broncos -7.0,42.5 
2015-10-04,4,San Francisco 49ers,Green Bay Packers,17,17,196,362,1,0,outdoors,grass,"74 degrees relative humidity 36%, wind 5 mph, wind chill 0",8,18,19-77-0,33-162-1,13-25-160-0-1,22-32-224-1-0,'6-41,'3-24,'3-0,'0-0,'4-30,'8-65,'4-13,'5-15,'0-1,'2-2,23:26,36:34,Green Bay Packers -7.5,48.0 
2015-10-04,4,New Orleans Saints,Dallas Cowboys,26,20,438,335,0,0,dome,sportturf,,27,21,25-103-1,28-115-1,33-41-359-2-0,16-26-246-1-0,'3-24,'3-26,'0-0,'0-0,'8-64,'6-30,'6-13,'3-12,'1-1,'1-1,30:53,29:20,New Orleans Saints -3.0,48.0 
2015-10-05,4,Seattle Seahawks,Detroit Lions,13,10,345,256,3,1,outdoors,fieldturf ,"74 degrees relative humidity 41%, wind 8 mph, wind chill 0",18,12,31-110-0,18-53-0,20-26-287-1-0,24-35-203-0-0,'6-52,'0-0,'5-3,'2-1,'5-30,'4-37,'6-13,'3-13,'0-0,'0-0,32:04,27:56,Seattle Seahawks -9.5,43.0 
2015-10-08,5,Houston Texans,Indianapolis Colts,27,27,444,323,2,0,retractable roof (closed),fieldturf,,24,22,28-82-0,30-110-1,31-41-362-2-2,18-29-213-2-0,'1-0,'0-0,'0-0,'0-0,'13-125,'7-65,'8-16,'3-11,'1-1,'1-1,32:27,27:33,Houston Texans -2.0,44.5 
2015-10-11,5,Atlanta Falcons,Washington Redskins,25,19,418,270,3,2,dome,fieldturf ,,29,18,32-176-1,24-51-1,24-42-254-0-2,21-32-219-1-2,'3-12,'1-0,'3-1,'1-0,'4-62,'5-51,'6-15,'4-12,'3-3,'1-1,34:56,27:49,Atlanta Falcons -7.0,48.0 
2015-10-11,5,Green Bay Packers,St. Louis Rams,24,10,322,334,3,4,outdoors,grass ,"67 degrees relative humidity 61%, wind 14 mph, wind chill 0",14,17,27-86-0,36-191-0,19-30-241-2-2,12-31-161-1-4,'2-5,'3-18,'1-1,'1-0,'7-67,'8-40,'4-13,'5-18,'0-1,'1-1,26:17,33:43,Green Bay Packers -9.0,45.5 
2015-10-11,5,Tampa Bay Buccaneers,Jacksonville Jaguars,38,31,369,325,0,2,outdoors,grass ,"84 degrees relative humidity 55%, wind 9 mph, wind chill 0",20,21,40-183-2,17-55-0,13-19-209-1-0,23-33-303-4-1,'2-23,'6-33,'0-0,'1-1,'10-72,'3-12,'5-11,'2-8,'0-0,'1-1,34:41,25:19,Tampa Bay Buccaneers -2.5,41.5 
2015-10-11,5,Kansas City Chiefs,Chicago Bears,18,18,287,328,0,1,outdoors,grass ,"72 degrees relative humidity 51%, wind 10 mph, wind chill 0",16,21,25-117-0,26-87-0,16-30-181-1-0,26-45-252-2-0,'3-11,'2-11,'0-0,'2-1,'3-49,'6-49,'5-14,'6-14,'0-0,'0-1,26:23,33:37,Kansas City Chiefs -9.0,45.0 
2015-10-11,5,Baltimore Ravens,Cleveland Browns,33,33,377,505,0,0,outdoors,sportturf,"65 degrees relative humidity 48%, wind 2 mph, wind chill 0",22,25,31-181-3,25-83-1,19-35-210-1-0,36-51-457-2-0,'1-14,'4-35,'0-0,'0-0,'12-98,'9-74,'5-14,'12-19,'0-0,'0-0,29:01,39:16,Baltimore Ravens -6.0,42.5 
2015-10-11,5,Cincinnati Bengals,Seattle Seahawks,27,24,419,397,2,1,outdoors,fieldturf ,"66 degrees relative humidity 59%, wind 3 mph, wind chill 0",27,16,31-109-1,30-200-1,30-44-331-2-1,15-23-213-1-1,'4-21,'4-16,'1-1,'0-0,'7-50,'10-112,'6-15,'5-13,'0-0,'0-0,40:49,30:35,Cincinnati Bengals -3.0,43.5 
2015-10-11,5,Tennessee Titans,Buffalo Bills,14,14,276,209,1,1,outdoors,grass ,"67 degrees relative humidity 58%, wind 5 mph",17,13,28-97-1,28-127-1,21-32-187-0-1,11-18-113-1-0,'2-8,'4-31,'0-0,'2-1,'9-74,'7-62,'5-13,'4-12,'0-0,'0-0,35:31,24:29,Buffalo Bills -1.0,42.0 
2015-10-11,5,Philadelphia Eagles,New Orleans Saints,39,17,519,388,2,4,outdoors,grass ,"67 degrees relative humidity 54%, wind 6 mph, wind chill 0",34,19,34-186-2,21-96-0,32-45-333-2-2,26-43-335-2-1,'0-0,'5-43,'0-0,'3-3,'4-35,'7-78,'4-11,'8-16,'0-2,'1-1,34:02,25:58,Philadelphia Eagles -6.0,49.5 
2015-10-11,5,Detroit Lions,Arizona Cardinals,42,42,435,345,6,0,dome,fieldturf ,,29,15,18-56-0,25-187-3,41-70-379-2-4,12-18-171-3-0,'1-0,'2-13,'3-2,'0-0,'9-85,'9-70,'8-17,'1-8,'0-1,'0-0,36:32,23:28,Arizona Cardinals -3.0,45.5 
2015-10-11,5,Oakland Raiders,Denver Broncos,16,16,288,297,3,2,outdoors,grass ,"72 degrees relative humidity 59%, wind 10 mph, wind chill 0",20,15,25-65-0,18-43-0,26-39-249-1-1,22-35-266-0-2,'4-26,'2-12,'3-2,'0-0,'6-41,'6-103,'7-16,'2-13,'1-2,'0-0,34:09,25:51,Denver Broncos -4.0,44.0 
2015-10-11,5,Dallas Cowboys,New England Patriots,30,30,265,356,2,0,retractable roof (closed),matrixturf,,18,20,24-102-0,23-109-1,26-39-187-0-1,20-27-275-2-0,'3-24,'5-28,'1-1,'1-0,'7-50,'9-65,'4-14,'3-10,'1-2,'0-1,33:12,26:48,New England Patriots -9.0,49.5 
2015-10-11,5,New York Giants,San Francisco 49ers,30,27,525,380,1,0,outdoors,fieldturf ,"61 degrees relative humidity 59%, wind 4 mph, wind chill 0",30,22,21-84-0,27-124-1,41-54-441-3-1,23-35-262-2-0,'0-0,'2-6,'0-0,'3-0,'6-65,'4-28,'9-14,'8-14,'0-0,'0-0,31:58,28:02,New York Giants -6.5,43.0 
2015-10-12,5,San Diego Chargers,Pittsburgh Steelers,24,24,406,349,2,1,outdoors,grass ,"93 degrees relative humidity 32%, wind 10 mph, wind chill 0",24,14,19-52-0,27-155-1,35-48-365-2-1,13-26-203-1-1,'2-11,'3-9,'1-1,'0-0,'7-54,'8-86,'4-14,'5-14,'0-0,'0-0,33:43,26:17,San Diego Chargers -3.5,46.0 
2015-10-15,6,New Orleans Saints,Atlanta Falcons,31,21,385,413,0,3,dome,sportturf,,25,23,32-81-2,21-150-1,30-39-312-1-0,30-44-295-2-0,'1-8,'5-32,'0-0,'5-3,'3-15,'7-41,'8-16,'3-12,'1-1,'3-4,32:30,27:30,Atlanta Falcons -3.0,51.0 
2015-10-18,6,New York Jets,Washington Redskins,34,20,474,225,3,2,outdoors,fieldturf ,"49 degrees relative humidity 30%, wind 16 mph",22,14,41-221-2,17-34-0,19-26-253-2-1,25-44-196-1-2,'0-0,'1-5,'2-2,'0-0,'1-5,'3-15,'7-14,'5-15,'0-0,'1-2,32:39,27:21,New York Jets -7.0,40.5 
2015-10-18,6,Detroit Lions,Chicago Bears,37,34,546,444,3,1,dome,fieldturf ,,26,24,32-155-0,31-91-2,27-42-405-4-1,26-41-353-1-1,'2-14,'1-0,'3-2,'1-0,'10-98,'9-76,'9-17,'6-14,'1-1,'0-0,38:57,33:34,Detroit Lions -3.0,44.0 
2015-10-18,6,Cleveland Browns,Denver Broncos,26,26,298,442,3,3,outdoors,grass ,"47 degrees relative humidity 52%, wind 20 mph",20,21,33-109-0,33-152-0,20-39-213-2-2,26-48-290-1-3,'4-24,'0-0,'1-1,'1-0,'6-30,'8-81,'6-15,'4-18,'0-1,'1-1,33:20,36:44,Denver Broncos -3.5,42.0 
2015-10-18,6,Jacksonville Jaguars,Houston Texans,31,31,394,382,3,0,outdoors,grass ,"73 degrees relative humidity 55%, wind 18 mph, wind chill 0",26,24,21-83-0,31-95-0,30-53-331-3-3,24-36-293-3-0,'3-20,'1-6,'1-0,'1-0,'7-64,'10-69,'5-15,'7-14,'2-2,'1-2,29:58,30:02,Jacksonville Jaguars -2.5,43.0 
2015-10-18,6,Minnesota Vikings,Kansas City Chiefs,16,10,321,328,2,1,outdoors,fieldturf,"54 degrees relative humidity 0%, wind 10 mph, wind chill 0",16,16,35-84-0,18-57-0,17-31-249-1-2,22-37-282-1-0,'2-12,'2-11,'1-0,'1-1,'5-50,'8-95,'6-17,'3-12,'1-1,'0-2,33:07,26:53,Minnesota Vikings -3.5,43.0 
2015-10-18,6,Buffalo Bills,Cincinnati Bengals,34,34,368,355,1,0,outdoors,a_turf,"40 degrees relative humidity 73%, wind 4 mph",22,21,23-112-2,28-112-1,28-42-263-1-1,22-33-243-3-0,'2-7,'0-0,'0-0,'1-0,'8-93,'3-20,'5-13,'7-12,'1-2,'0-0,30:00,30:00,Cincinnati Bengals -3.0,43.0 
2015-10-18,6,Tennessee Titans,Miami Dolphins,38,38,299,434,4,2,outdoors,grass ,"56 degrees relative humidity 39%, wind 8 mph",22,26,18-63-0,32-180-2,26-41-282-1-2,22-29-266-2-2,'6-46,'2-12,'2-2,'0-0,'7-50,'9-97,'2-10,'5-9,'1-2,'0-0,28:07,31:53,Tennessee Titans -2.0,43.5 
2015-10-18,6,Pittsburgh Steelers,Arizona Cardinals,25,13,310,469,0,3,outdoors,grass ,"45 degrees relative humidity 47%, wind 12 mph",14,21,32-141-0,20-55-0,11-20-174-2-0,29-45-421-1-2,'1-5,'1-7,'0-0,'2-1,'6-48,'9-111,'3-12,'5-12,'0-0,'0-1,28:51,31:09,Arizona Cardinals -3.5,45.0 
2015-10-18,6,Seattle Seahawks,Carolina Panthers,27,27,334,383,0,2,outdoors,fieldturf ,"61 degrees relative humidity 85%, wind 5 mph, wind chill 0",14,25,26-115-1,33-135-3,18-30-241-1-0,20-36-269-1-2,'4-22,'3-21,'0-0,'0-0,'7-48,'5-25,'4-14,'4-11,'0-0,'0-1,27:48,32:12,Seattle Seahawks -7.0,40.5 
2015-10-18,6,San Francisco 49ers,Baltimore Ravens,25,20,391,420,0,2,outdoors,grass,"69 degrees relative humidity 60%, wind 7 mph, wind chill 0",15,25,25-65-0,22-77-0,16-27-340-2-0,33-53-343-2-2,'3-14,'0-0,'1-0,'0-0,'4-25,'3-15,'5-13,'4-13,'0-0,'1-1,26:53,33:07,Baltimore Ravens -2.0,43.5 
2015-10-18,6,Green Bay Packers,San Diego Chargers,27,20,370,548,0,1,outdoors,grass ,"54 degrees relative humidity 35%, wind 12 mph, wind chill 0",17,32,17-133-1,21-60-0,16-29-255-2-0,43-65-503-2-0,'3-18,'3-15,'1-0,'2-1,'6-50,'9-76,'3-9,'9-18,'0-0,'1-3,22:00,38:00,Green Bay Packers -10.5,51.0 
2015-10-18,6,Indianapolis Colts,New England Patriots,34,34,409,417,0,1,retractable roof (closed),fieldturf ,,24,22,22-120-0,25-116-1,30-50-312-3-0,23-37-312-3-1,'3-23,'2-11,'0-0,'0-0,'11-103,'8-72,'7-16,'5-12,'1-3,'1-1,32:32,27:28,New England Patriots -9.5,54.5 
2015-10-19,6,Philadelphia Eagles,New York Giants,27,7,428,247,4,3,outdoors,grass ,"44 degrees relative humidity 49%, wind 6 mph",24,18,37-158-1,23-81-0,24-38-280-1-3,24-38-189-1-2,'1-10,'3-23,'3-1,'2-1,'9-72,'12-92,'6-16,'4-13,'0-0,'0-1,30:30,29:30,Philadelphia Eagles -5.0,49.5 
2015-10-22,7,San Francisco 49ers,Seattle Seahawks,20,20,142,388,0,2,outdoors,grass,"75 degrees relative humidity 40%, wind 8 mph, wind chill 0",8,21,15-61-0,41-176-1,13-24-124-0-0,18-24-235-1-2,'6-43,'5-23,'1-0,'0-0,'4-33,'6-50,'1-11,'5-13,'0-0,'1-1,21:55,38:05,Seattle Seahawks -6.5,42.0 
2015-10-25,7,Jacksonville Jaguars,Buffalo Bills,34,31,295,375,1,4,outdoors,grass ,"48 degrees relative humidity 74%, wind 2 mph, wind chill 0",17,26,32-120-1,28-115-0,13-29-182-2-1,24-42-298-2-2,'2-7,'4-38,'1-0,'4-2,'10-66,'10-87,'5-14,'3-12,'0-1,'0-1,28:38,31:22,Buffalo Bills -4.0,41.0 
2015-10-25,7,St. Louis Rams,Cleveland Browns,24,6,308,364,1,4,dome,astroplay,,16,19,26-158-2,24-82-0,15-23-163-0-0,30-37-297-0-0,'2-13,'4-15,'1-1,'4-4,'9-75,'11-98,'1-9,'3-12,'0-0,'0-1,24:27,35:33,St. Louis Rams -6.5,41.5 
2015-10-25,7,New England Patriots,New York Jets,30,23,353,372,0,1,outdoors,fieldturf ,"58 degrees relative humidity 80%, wind 9 mph, wind chill 0",20,25,9-16-1,29-89-0,34-54-355-2-0,22-39-295-2-0,'3-18,'2-12,'1-0,'1-1,'4-38,'4-29,'8-16,'8-14,'1-1,'0-0,26:57,33:03,New England Patriots -7.5,47.5 
2015-10-25,7,Miami Dolphins,Houston Texans,44,26,503,322,1,1,outdoors,grass ,"84 degrees relative humidity 62%, wind 13 mph, wind chill 0",21,24,35-248-1,25-71-1,19-20-296-4-0,23-49-273-3-1,'4-41,'4-22,'1-1,'3-0,'8-52,'3-25,'1-9,'6-15,'0-0,'0-1,32:05,27:55,Miami Dolphins -4.5,44.5 
2015-10-25,7,Tennessee Titans,Atlanta Falcons,10,10,256,378,2,2,outdoors,grass ,"59 degrees relative humidity 95%, wind 8 mph",15,21,16-77-0,31-127-0,22-35-187-1-2,22-38-251-1-2,'1-8,'0-0,'1-0,'1-0,'5-45,'6-53,'1-9,'5-14,'0-1,'0-2,25:15,34:45,Atlanta Falcons -6.0,47.0 
2015-10-25,7,Detroit Lions,Minnesota Vikings,28,28,274,425,0,1,dome,fieldturf ,,14,25,17-77-0,35-140-0,18-26-256-2-0,25-35-316-2-0,'7-59,'4-31,'0-0,'2-1,'5-30,'3-31,'1-10,'5-13,'0-2,'0-1,23:33,36:27,Minnesota Vikings -2.0,44.5 
2015-10-25,7,Indianapolis Colts,New Orleans Saints,27,27,376,449,3,1,retractable roof (open),fieldturf ,,15,22,13-75-0,36-183-3,23-44-333-3-2,29-45-280-1-1,'4-32,'2-14,'3-1,'1-0,'7-42,'12-100,'3-13,'7-20,'0-0,'1-1,21:37,38:23,Indianapolis Colts -4.0,52.0 
2015-10-25,7,Kansas City Chiefs,Pittsburgh Steelers,23,13,377,339,0,3,outdoors,grass ,"58 degrees relative humidity 57%, wind 7 mph, wind chill 0",18,18,29-138-1,24-147-0,21-32-251-1-0,16-29-209-1-2,'2-12,'2-17,'0-0,'1-1,'6-66,'1-5,'9-16,'2-10,'0-0,'1-2,32:26,27:34,Kansas City Chiefs -3.0,43.0 
2015-10-25,7,Washington Redskins,Tampa Bay Buccaneers,31,30,355,479,1,1,outdoors,grass ,"64 degrees relative humidity 87%, wind 5 mph, wind chill 0",27,21,19-50-1,30-190-0,33-40-317-3-0,21-29-297-2-0,'1-12,'1-8,'1-1,'2-1,'4-20,'16-142,'5-11,'7-12,'0-0,'0-0,28:42,31:18,Washington Redskins -3.0,42.5 
2015-10-25,7,San Diego Chargers,Oakland Raiders,37,37,417,412,2,0,outdoors,grass ,"77 degrees relative humidity 48%, wind 4 mph, wind chill 0",28,19,21-90-0,26-130-1,38-58-336-3-2,24-31-289-3-0,'1-9,'1-7,'1-0,'0-0,'9-86,'14-136,'8-16,'5-12,'0-0,'0-0,29:11,30:49,San Diego Chargers -3.5,47.0 
2015-10-25,7,New York Giants,Dallas Cowboys,27,20,289,460,0,4,outdoors,fieldturf ,"71 degrees relative humidity 40%, wind 14 mph, wind chill 0",13,27,25-132-1,41-233-1,13-24-170-0-0,17-27-227-1-3,'2-13,'1-0,'0-0,'1-1,'3-13,'7-46,'3-11,'6-11,'0-0,'0-1,21:56,38:04,New York Giants -3.0,45.0 
2015-10-25,7,Carolina Panthers,Philadelphia Eagles,27,16,394,349,3,1,outdoors,grass ,"71 degrees relative humidity 80%, no wind, wind chill 0",21,20,33-204-2,30-177-1,14-24-197-1-3,26-46-205-0-1,'1-7,'5-33,'0-0,'1-0,'5-43,'7-46,'2-9,'7-18,'0-0,'1-2,28:54,31:06,Carolina Panthers -3.0,45.0 
2015-10-26,7,Arizona Cardinals,Baltimore Ravens,26,18,414,276,0,2,retractable roof (closed),grass ,,21,18,28-150-1,16-55-1,20-29-275-2-0,26-40-252-1-1,'2-11,'3-31,'2-0,'1-1,'4-40,'9-64,'5-12,'5-13,'0-0,'1-1,29:36,30:24,Arizona Cardinals -8.0,49.0 
2015-10-29,8,New England Patriots,Miami Dolphins,36,7,437,270,0,2,outdoors,fieldturf ,"58 degrees relative humidity 39%, wind 10 mph, wind chill 0",24,18,26-95-0,13-15-1,26-38-356-4-0,28-44-300-0-2,'2-14,'5-45,'0-0,'2-0,'8-69,'7-40,'3-12,'2-11,'1-1,'1-2,32:37,27:23,New England Patriots -7.5,50.5 
2015-11-01,8,Kansas City Chiefs,Detroit Lions,45,10,340,276,0,2,outdoors,grass ,"50 degrees relative humidity 91%, wind 2 mph, wind chill 0",24,16,32-206-4,14-81-0,20-28-149-2-0,23-38-227-1-2,'3-15,'6-32,'0-0,'0-0,'3-20,'8-81,'8-13,'2-12,'0-0,'1-2,34:14,25:46,Kansas City Chiefs -3.5,45.0 
2015-11-01,8,St. Louis Rams,San Francisco 49ers,27,6,388,189,1,0,dome,astroplay,,16,11,41-197-2,21-38-0,14-23-191-1-0,20-41-162-0-0,'0-0,'3-11,'1-1,'0-0,'12-93,'13-93,'1-12,'3-17,'0-0,'0-1,31:58,28:02,St. Louis Rams -7.5,39.5 
2015-11-01,8,Chicago Bears,Minnesota Vikings,23,23,305,327,0,1,outdoors,grass ,"62 degrees relative humidity 42%, wind 11 mph, wind chill 0",18,17,25-97-1,25-147-0,22-33-211-1-0,17-30-187-1-1,'1-3,'1-7,'2-0,'1-0,'4-38,'4-35,'3-12,'5-12,'1-1,'0-0,32:42,27:18,Minnesota Vikings -1.0,43.0 
2015-11-01,8,Pittsburgh Steelers,Cincinnati Bengals,16,16,356,296,3,2,outdoors,grass ,"62 degrees relative humidity 71%, wind 11 mph",21,16,19-116-0,23-78-0,28-45-262-1-3,23-38-231-1-2,'3-22,'3-13,'0-0,'2-0,'10-91,'10-94,'3-11,'4-15,'0-0,'0-0,30:09,29:51,Pittsburgh Steelers -1.0,48.5 
2015-11-01,8,Houston Texans,Tennessee Titans,20,6,270,211,0,3,retractable roof (closed),fieldturf,,14,15,23-56-0,20-86-0,23-35-235-2-0,22-31-171-0-1,'3-21,'7-46,'0-0,'2-2,'7-85,'6-45,'4-15,'1-12,'0-1,'0-1,28:52,31:08,Houston Texans -3.5,42.5 
2015-11-01,8,Atlanta Falcons,Tampa Bay Buccaneers,23,23,496,290,4,0,dome,fieldturf ,,28,21,27-101-0,32-117-1,37-45-397-2-1,16-29-177-1-0,'1-2,'2-4,'4-3,'0-0,'11-124,'8-43,'6-12,'6-13,'2-3,'0-1,39:05,30:11,Atlanta Falcons -7.0,48.5 
2015-11-01,8,New Orleans Saints,New York Giants,52,49,608,416,2,1,dome,sportturf,,35,28,26-103-0,21-87-0,39-50-505-7-2,30-41-350-6-0,'0-0,'3-21,'1-0,'2-1,'12-93,'6-53,'7-11,'1-8,'1-1,'2-2,34:59,25:01,New Orleans Saints -3.0,49.5 
2015-11-01,8,Baltimore Ravens,San Diego Chargers,29,26,365,371,0,0,outdoors,sportturf,"63 degrees relative humidity 72%, wind 10 mph, wind chill 0",23,22,25-72-1,26-81-0,25-37-319-1-0,28-37-301-3-0,'3-26,'1-11,'1-0,'1-0,'5-46,'6-66,'5-12,'7-13,'1-1,'0-0,29:54,30:06,Baltimore Ravens -3.5,51.0 
2015-11-01,8,Cleveland Browns,Arizona Cardinals,34,34,254,491,2,4,outdoors,grass ,"58 degrees relative humidity 58%, wind 21 mph, wind chill 0",16,25,20-39-0,38-119-0,21-40-223-3-1,23-38-374-4-1,'1-8,'1-2,'3-1,'4-3,'7-35,'5-25,'9-16,'13-16,'0-1,'0-0,25:37,34:23,Arizona Cardinals -6.0,46.0 
2015-11-01,8,Oakland Raiders,New York Jets,34,20,451,366,0,1,outdoors,grass ,"68 degrees relative humidity 70%, wind 8 mph, wind chill 0",21,22,25-118-0,21-74-0,23-36-333-4-0,31-47-311-2-1,'0-0,'3-19,'0-0,'0-0,'6-61,'6-40,'4-10,'7-16,'0-0,'1-3,30:38,29:22,New York Jets -3.0,44.0 
2015-11-01,8,Dallas Cowboys,Seattle Seahawks,13,13,220,323,0,1,retractable roof (closed),matrixturf,,14,19,30-129-0,31-113-0,13-26-97-0-0,19-30-210-1-1,'1-6,'0-0,'1-0,'0-0,'5-40,'5-40,'4-14,'5-12,'1-2,'0-0,30:22,29:38,Seattle Seahawks -4.5,41.0 
2015-11-01,8,Denver Broncos,Green Bay Packers,29,10,500,140,1,0,outdoors,grass ,"61 degrees relative humidity 23%, wind 9 mph, wind chill 0",24,14,34-160-3,21-90-1,21-29-340-0-1,14-22-77-0-0,'0-0,'3-27,'0-0,'3-0,'11-93,'2-15,'6-12,'2-8,'0-0,'0-0,33:27,26:33,Green Bay Packers -2.5,45.5 
2015-11-02,8,Carolina Panthers,Indianapolis Colts,29,26,379,359,3,4,outdoors,grass ,"60 degrees relative humidity 100%, wind 7 mph, wind chill 0",17,19,36-140-1,35-136-0,16-35-248-2-1,23-47-231-2-3,'2-9,'2-8,'2-2,'3-1,'6-55,'2-15,'4-16,'6-18,'2-2,'1-1,33:40,35:58,Carolina Panthers -6.5,46.5 
2015-11-05,9,Cincinnati Bengals,Cleveland Browns,31,10,371,213,0,0,outdoors,fieldturf ,"71 degrees relative humidity 61%, wind 4 mph, wind chill 0",23,13,37-152-1,17-69-0,21-27-234-3-0,15-33-168-1-0,'2-15,'3-24,'0-0,'0-0,'2-20,'4-28,'8-14,'4-13,'1-1,'1-2,36:03,23:57,Cincinnati Bengals -11.0,45.0 
2015-11-08,9,Minnesota Vikings,St. Louis Rams,21,18,293,320,1,0,outdoors,fieldturf,"51 degrees relative humidity 0%, wind 14 mph, wind chill 0",21,18,35-145-2,36-160-1,15-27-159-0-1,18-33-168-0-0,'1-11,'1-8,'2-0,'1-0,'6-67,'12-87,'3-13,'2-16,'0-0,'1-1,33:13,32:27,Minnesota Vikings -1.0,40.0 
2015-11-08,9,Buffalo Bills,Miami Dolphins,33,17,420,397,0,1,outdoors,a_turf,"49 degrees relative humidity 55%, wind 7 mph",18,29,36-266-3,24-108-2,11-12-181-1-0,27-36-316-0-0,'3-27,'2-27,'0-0,'3-1,'13-94,'8-62,'8-13,'4-9,'0-0,'0-0,31:13,28:47,Buffalo Bills -3.0,44.0 
2015-11-08,9,New England Patriots,Washington Redskins,27,10,460,250,2,2,outdoors,fieldturf ,"54 degrees relative humidity 34%, wind 12 mph, wind chill 0",27,16,37-161-1,15-37-0,26-39-299-2-1,22-40-217-1-1,'0-0,'1-4,'2-1,'2-1,'6-43,'4-27,'9-16,'7-14,'1-1,'0-1,37:05,22:55,New England Patriots -14.0,52.0 
2015-11-08,9,New York Jets,Jacksonville Jaguars,28,23,290,436,0,4,outdoors,fieldturf ,"56 degrees relative humidity 36%, wind 10 mph, wind chill 0",14,19,28-29-2,19-98-0,21-34-272-2-0,24-40-381-2-2,'2-11,'6-43,'1-0,'3-2,'6-41,'4-30,'5-15,'7-16,'1-1,'0-0,30:44,29:16,New York Jets -8.0,42.0 
2015-11-08,9,New Orleans Saints,Tennessee Titans,34,34,416,483,2,1,dome,sportturf,,30,25,27-61-1,28-112-0,28-39-387-3-1,28-39-371-4-0,'4-32,'0-0,'1-1,'2-1,'8-75,'9-66,'6-11,'5-13,'0-0,'0-0,32:49,32:21,New Orleans Saints -7.5,48.0 
2015-11-08,9,Pittsburgh Steelers,Oakland Raiders,38,35,597,440,2,4,outdoors,grass ,"54 degrees relative humidity 38%, wind 5 mph",27,24,30-195-2,25-139-1,28-50-413-2-1,24-44-301-4-1,'1-11,'0-0,'1-1,'5-3,'5-42,'3-21,'6-17,'6-14,'1-2,'0-0,32:04,27:56,Pittsburgh Steelers -4.5,48.5 
2015-11-08,9,Carolina Panthers,Green Bay Packers,37,29,427,402,1,2,outdoors,grass ,"57 degrees relative humidity 50%, wind 10 mph, wind chill 0",20,21,36-130-1,19-71-0,15-30-297-3-1,25-48-369-4-1,'0-0,'5-38,'0-0,'2-1,'6-45,'7-87,'5-15,'3-14,'0-0,'2-3,32:12,27:48,Green Bay Packers -2.5,46.0 
2015-11-08,9,Tampa Bay Buccaneers,New York Giants,32,32,383,327,3,2,outdoors,grass ,"80 degrees relative humidity 90%, wind 3 mph",19,24,23-136-1,33-114-0,19-36-247-0-0,26-40-213-2-2,'0-0,'0-0,'4-3,'1-0,'9-79,'6-49,'6-13,'9-16,'0-0,'0-1,25:05,34:55,New York Giants -1.0,49.5 
2015-11-08,9,San Francisco 49ers,Atlanta Falcons,17,16,318,302,2,0,outdoors,grass,"58 degrees relative humidity 84%, no wind, wind chill 0",18,17,38-133-0,14-17-0,15-26-185-2-2,30-45-303-1-0,'0-0,'2-18,'0-0,'1-0,'5-30,'6-63,'6-15,'5-15,'2-2,'0-0,27:52,32:08,Atlanta Falcons -7.5,44.0 
2015-11-08,9,Indianapolis Colts,Denver Broncos,27,24,365,309,0,2,retractable roof (open),fieldturf ,,27,16,40-120-1,14-35-0,21-36-252-2-0,21-36-281-2-2,'1-7,'1-7,'0-0,'0-0,'4-30,'8-56,'12-20,'6-12,'0-0,'0-0,38:39,21:21,Denver Broncos -5.5,45.5 
2015-11-08,9,Dallas Cowboys,Philadelphia Eagles,33,33,411,459,1,0,retractable roof (closed),matrixturf,,25,25,29-134-0,35-172-2,25-38-299-3-1,25-36-295-1-0,'4-22,'1-8,'2-0,'0-0,'8-58,'10-70,'8-16,'3-13,'2-2,'2-2,38:19,25:42,Philadelphia Eagles -3.0,43.5 
2015-11-09,9,San Diego Chargers,Chicago Bears,22,22,339,446,1,2,outdoors,grass ,"63 degrees relative humidity 67%, wind 9 mph, wind chill 0",19,25,19-77-0,29-109-1,26-42-280-1-0,27-40-345-2-1,'2-18,'1-8,'1-1,'1-1,'8-54,'6-55,'7-13,'9-15,'0-1,'0-0,26:25,33:35,San Diego Chargers -4.5,49.5 
2015-11-12,10,New York Jets,Buffalo Bills,22,22,318,280,4,0,outdoors,fieldturf ,"60 degrees relative humidity 75%, wind 16 mph, wind chill 0",15,13,24-128-0,33-148-0,15-34-193-2-2,17-27-158-1-0,'1-3,'4-26,'2-2,'1-0,'3-20,'5-44,'3-13,'5-16,'1-3,'0-1,26:44,33:16,New York Jets -2.5,42.5 
2015-11-15,10,St. Louis Rams,Chicago Bears,37,37,285,397,2,2,dome,astroplay,,12,17,21-94-1,37-153-1,17-37-200-0-1,19-24-258-3-0,'1-9,'2-14,'1-1,'2-2,'8-57,'4-44,'4-14,'3-12,'0-2,'1-1,25:38,34:22,St. Louis Rams -6.5,42.5 
2015-11-15,10,Tennessee Titans,Carolina Panthers,27,27,242,303,2,0,outdoors,grass ,"57 degrees relative humidity 24%, wind 2 mph, wind chill 0",11,24,21-64-1,34-119-2,16-24-185-0-1,21-25-217-1-0,'1-7,'5-33,'3-1,'0-0,'4-30,'5-45,'5-12,'7-13,'0-0,'0-0,24:05,35:55,Carolina Panthers -4.0,44.5 
2015-11-15,10,Green Bay Packers,Detroit Lions,18,18,372,287,0,1,outdoors,grass ,"55 degrees relative humidity 59%, wind 7 mph, wind chill 0",22,16,18-47-0,26-45-0,35-61-333-2-0,24-38-242-2-1,'3-8,'0-0,'1-0,'1-0,'5-55,'3-35,'9-19,'5-16,'0-0,'1-1,29:20,30:40,Green Bay Packers -10.5,49.5 
2015-11-15,10,Pittsburgh Steelers,Cleveland Browns,30,9,459,342,2,3,outdoors,grass ,"61 degrees relative humidity 32%, wind 12 mph",22,20,21-60-0,14-15-0,25-37-402-3-1,33-45-372-1-1,'1-3,'6-45,'3-1,'2-2,'5-50,'12-188,'3-10,'5-13,'0-1,'1-3,27:17,32:43,Pittsburgh Steelers -6.0,41.5 
2015-11-15,10,Baltimore Ravens,Jacksonville Jaguars,22,22,397,258,4,1,outdoors,sportturf,"60 degrees relative humidity 34%, wind 10 mph, wind chill 0",22,22,21-89-0,22-90-0,34-45-316-3-2,22-45-188-2-1,'1-8,'3-20,'2-2,'0-0,'9-121,'4-30,'8-14,'4-16,'0-1,'0-0,29:28,30:32,Baltimore Ravens -5.0,47.5 
2015-11-15,10,Tampa Bay Buccaneers,Dallas Cowboys,10,6,330,216,2,1,outdoors,grass ,"79 degrees relative humidity 56%, wind 13 mph",23,12,26-84-1,21-42-0,22-39-264-0-2,19-29-186-0-1,'2-18,'3-12,'1-0,'1-0,'7-62,'6-68,'4-11,'4-13,'0-0,'0-0,29:56,30:04,Tampa Bay Buccaneers -1.0,43.0 
2015-11-15,10,Philadelphia Eagles,Miami Dolphins,20,20,436,289,1,0,outdoors,grass ,"59 degrees relative humidity 34%, wind 13 mph, wind chill 0",29,15,35-83-1,26-99-0,33-48-392-1-1,21-36-217-2-0,'4-39,'4-27,'3-0,'1-0,'7-54,'8-84,'7-18,'5-15,'1-2,'0-0,31:07,28:53,Philadelphia Eagles -6.0,49.5 
2015-11-15,10,Washington Redskins,New Orleans Saints,47,14,510,350,0,2,outdoors,grass ,"61 degrees relative humidity 29%, wind 5 mph, wind chill 0",23,16,31-209-0,25-158-0,20-25-324-4-0,19-28-209-2-2,'3-23,'2-17,'3-0,'1-0,'5-26,'7-50,'6-11,'4-11,'0-0,'0-2,33:34,26:26,New Orleans Saints -1.0,50.0 
2015-11-15,10,Oakland Raiders,Minnesota Vikings,30,30,371,385,2,0,outdoors,grass ,"62 degrees relative humidity 50%, wind 31 mph, wind chill 0",20,21,19-84-0,33-263-1,29-43-302-2-2,14-22-140-1-0,'2-15,'4-18,'1-0,'1-0,'8-82,'3-15,'7-14,'4-11,'0-0,'0-0,26:59,33:01,Oakland Raiders -3.0,44.0 
2015-11-15,10,Denver Broncos,Kansas City Chiefs,29,29,221,303,5,0,outdoors,grass ,"64 degrees relative humidity 10%, wind 5 mph, wind chill 0",18,13,16-69-1,32-106-1,19-44-181-1-5,17-31-204-1-0,'5-29,'2-7,'1-0,'0-0,'5-55,'11-102,'3-14,'4-16,'2-3,'1-1,26:33,33:27,Denver Broncos -4.5,42.0 
2015-11-15,10,New York Giants,New England Patriots,27,27,422,406,1,2,outdoors,fieldturf ,"60 degrees relative humidity 31%, wind 8 mph, wind chill 0",21,22,23-80-0,23-77-1,24-44-361-2-0,26-42-334-2-1,'3-19,'3-5,'3-1,'2-1,'8-49,'7-93,'7-15,'7-14,'0-0,'1-1,28:24,31:36,New England Patriots -7.5,54.0 
2015-11-15,10,Seattle Seahawks,Arizona Cardinals,39,39,343,451,1,3,outdoors,fieldturf ,"49 degrees relative humidity 63%, no wind, wind chill 0",18,30,18-115-2,33-117-1,14-32-240-1-1,29-47-363-3-1,'2-12,'3-29,'2-0,'2-2,'14-131,'9-66,'1-8,'8-17,'1-1,'0-0,21:08,38:52,Seattle Seahawks -3.0,44.5 
2015-11-16,10,Cincinnati Bengals,Houston Texans,10,10,256,256,2,1,outdoors,fieldturf ,"53 degrees relative humidity 60%, wind 4 mph, wind chill 0",16,16,20-74-0,25-82-0,22-38-197-0-1,17-33-192-1-1,'4-15,'3-18,'2-1,'0-0,'9-70,'5-54,'4-14,'5-15,'0-1,'0-1,31:26,28:34,Cincinnati Bengals -10.5,47.0 
2015-11-19,11,Jacksonville Jaguars,Tennessee Titans,19,13,308,316,2,1,outdoors,grass ,"75 degrees relative humidity 90%, wind 5 mph, wind chill 0",18,22,23-90-0,26-104-1,21-31-242-1-1,22-35-231-0-0,'4-24,'4-19,'1-1,'1-1,'8-88,'6-59,'4-13,'5-13,'0-0,'0-0,28:25,31:35,Jacksonville Jaguars -2.5,43.0 
2015-11-22,11,Philadelphia Eagles,Tampa Bay Buccaneers,45,45,383,521,4,1,outdoors,grass ,"48 degrees relative humidity 41%, wind 15 mph",21,25,28-136-0,42-283-0,26-41-261-2-3,19-29-246-5-0,'3-14,'1-8,'1-1,'3-1,'5-25,'9-82,'7-15,'10-16,'0-0,'1-1,24:06,35:54,Philadelphia Eagles -6.0,44.5 
2015-11-22,11,Baltimore Ravens,St. Louis Rams,16,13,388,213,2,4,outdoors,sportturf,"47 degrees relative humidity 39%, wind 14 mph",16,13,28-96-0,29-82-1,27-44-299-1-2,12-26-136-1-0,'1-7,'1-5,'2-0,'5-4,'10-137,'6-35,'4-16,'3-13,'0-1,'0-0,32:52,27:08,Baltimore Ravens -2.5,42.0 
2015-11-22,11,Chicago Bears,Denver Broncos,17,17,347,389,2,0,outdoors,grass ,"29 degrees relative humidity 57%, wind 9 mph, wind chill 21",19,21,25-86-1,36-170-0,18-32-265-0-1,20-27-250-2-0,'2-4,'5-31,'1-1,'0-0,'0-0,'8-118,'4-12,'6-14,'0-1,'0-1,26:47,33:13,Denver Broncos -1.0,41.0 
2015-11-22,11,Carolina Panthers,Washington Redskins,44,16,368,186,0,5,outdoors,grass ,"50 degrees relative humidity 63%, wind 8 mph",27,9,39-142-0,12-14-0,21-34-246-5-0,22-30-207-1-1,'2-20,'5-35,'1-0,'5-4,'8-66,'9-68,'7-14,'2-9,'0-1,'1-1,38:07,21:53,Carolina Panthers -7.0,44.5 
2015-11-22,11,Atlanta Falcons,Indianapolis Colts,24,24,375,276,4,3,dome,fieldturf ,,21,17,24-100-0,27-74-0,25-46-280-3-3,23-32-213-2-2,'1-5,'2-11,'1-1,'1-1,'6-69,'7-42,'8-16,'7-14,'0-1,'0-0,27:21,32:39,Atlanta Falcons -4.5,47.5 
2015-11-22,11,Detroit Lions,Oakland Raiders,18,13,375,216,0,0,dome,fieldturf ,,22,13,31-109-1,21-52-1,22-35-282-0-0,13-25-169-0-0,'4-16,'1-5,'0-0,'3-0,'7-55,'6-31,'6-14,'4-11,'0-0,'0-0,36:02,23:58,Oakland Raiders -1.0,49.0 
2015-11-22,11,Houston Texans,New York Jets,24,17,364,267,1,2,retractable roof (closed),fieldturf,,19,16,37-123-0,21-70-1,17-35-250-3-0,19-39-216-1-2,'1-9,'3-19,'2-1,'1-0,'3-54,'7-54,'7-18,'3-14,'0-0,'1-2,33:25,26:35,New York Jets -3.0,40.5 
2015-11-22,11,Miami Dolphins,Dallas Cowboys,24,24,210,386,1,2,outdoors,grass ,"74 degrees relative humidity 90%, wind 10 mph, wind chill 0",9,22,14-70-0,38-166-0,13-24-188-2-1,18-28-227-2-2,'3-48,'2-7,'1-0,'0-0,'9-74,'10-79,'1-10,'7-14,'0-1,'1-2,21:10,38:50,Dallas Cowboys -1.5,46.0 
2015-11-22,11,San Diego Chargers,Kansas City Chiefs,33,33,201,385,2,0,outdoors,grass ,"87 degrees relative humidity 12%, wind 4 mph, wind chill 0",14,22,25-52-0,31-153-3,19-30-178-0-1,20-25-253-0-0,'3-29,'3-21,'1-1,'0-0,'6-39,'5-35,'4-13,'5-12,'0-1,'1-1,26:32,33:28,Kansas City Chiefs -3.0,45.0 
2015-11-22,11,Minnesota Vikings,Green Bay Packers,30,30,342,320,1,0,outdoors,fieldturf,"30 degrees relative humidity 0%, wind 8 mph, wind chill 0",16,19,18-94-1,34-124-0,25-38-296-1-0,16-34-212-2-0,'6-48,'2-16,'1-1,'0-0,'8-110,'4-19,'5-13,'6-16,'0-2,'0-0,29:38,30:22,Minnesota Vikings -1.0,44.0 
2015-11-22,11,Seattle Seahawks,San Francisco 49ers,29,13,508,306,0,0,outdoors,fieldturf ,"46 degrees relative humidity 60%, wind 6 mph",28,14,44-255-1,16-59-0,24-29-260-3-0,22-34-264-1-0,'2-7,'2-17,'0-0,'2-0,'8-51,'5-42,'8-14,'2-11,'0-0,'0-0,37:39,22:21,Seattle Seahawks -13.5,40.0 
2015-11-22,11,Arizona Cardinals,Cincinnati Bengals,34,31,383,377,2,1,retractable roof (closed),grass ,,21,24,25-82-0,28-99-2,20-31-317-4-2,22-39-315-2-0,'2-16,'4-37,'2-0,'3-1,'7-40,'10-108,'5-11,'5-13,'0-0,'1-1,28:45,31:15,Arizona Cardinals -4.5,48.5 
2015-11-23,11,New England Patriots,Buffalo Bills,20,13,356,319,1,1,outdoors,fieldturf ,"29 degrees relative humidity 40%, wind 8 mph, wind chill 21",18,16,22-85-1,30-94-1,20-39-277-1-1,20-36-233-0-0,'1-6,'2-8,'1-0,'4-1,'5-61,'5-44,'4-14,'3-15,'0-0,'1-1,27:05,32:55,New England Patriots -7.0,48.0 
2015-11-26,12,Detroit Lions,Philadelphia Eagles,45,14,430,227,0,1,dome,fieldturf ,,28,14,30-108-1,25-68-0,27-38-337-5-0,19-27-199-2-0,'2-15,'6-40,'0-0,'1-1,'4-29,'2-30,'5-10,'6-14,'0-0,'0-0,37:11,22:49,Detroit Lions -2.0,46.0 
2015-11-26,12,Dallas Cowboys,Carolina Panthers,33,33,210,294,3,0,retractable roof (closed),matrixturf,,14,18,14-31-0,37-129-1,24-40-199-1-3,16-27-183-0-0,'2-20,'1-18,'0-0,'1-0,'5-40,'8-53,'6-13,'8-16,'0-1,'0-0,24:46,35:14,Dallas Cowboys -1.5,45.5 
2015-11-26,12,Green Bay Packers,Chicago Bears,17,17,365,290,2,0,outdoors,grass ,"39 degrees relative humidity 92%, wind 19 mph, wind chill 29",23,17,28-177-0,31-101-1,22-43-202-1-1,19-31-200-1-0,'2-14,'1-11,'3-1,'2-0,'3-38,'12-95,'3-11,'5-14,'0-2,'0-0,28:48,31:12,Green Bay Packers -8.5,44.5 
2015-11-29,12,New York Jets,Miami Dolphins,38,20,411,333,0,2,outdoors,fieldturf ,"45 degrees relative humidity 44%, wind 5 mph, wind chill 0",24,20,34-137-1,9-12-0,22-37-277-4-0,33-58-351-3-1,'1-3,'3-30,'1-0,'4-1,'6-40,'6-45,'10-17,'4-15,'0-1,'2-2,31:16,28:44,New York Jets -4.0,42.5 
2015-11-29,12,Tennessee Titans,Oakland Raiders,24,24,249,407,2,2,outdoors,grass ,"56 degrees relative humidity 100%, wind 4 mph",19,22,18-44-0,30-84-0,17-37-218-3-2,24-38-330-3-0,'2-13,'1-7,'0-0,'3-2,'4-25,'11-94,'3-12,'8-15,'0-1,'0-1,25:05,34:55,Oakland Raiders -1.0,44.0 
2015-11-29,12,Houston Texans,New Orleans Saints,24,6,362,268,1,1,retractable roof (closed),fieldturf,,23,14,38-167-1,10-50-0,21-27-205-2-1,25-44-228-0-1,'1-10,'2-10,'2-0,'1-0,'6-40,'10-82,'6-13,'3-12,'0-0,'0-1,36:23,23:37,Houston Texans -3.0,48.0 
2015-11-29,12,Indianapolis Colts,Tampa Bay Buccaneers,25,12,336,344,0,1,retractable roof (closed),fieldturf ,,23,21,26-27-0,21-132-0,26-42-315-2-0,20-36-245-1-1,'3-6,'5-33,'1-0,'0-0,'6-45,'12-95,'7-16,'6-13,'0-0,'0-1,32:25,27:35,Indianapolis Colts -3.0,46.0 
2015-11-29,12,Cincinnati Bengals,St. Louis Rams,31,7,376,345,1,3,outdoors,fieldturf ,"41 degrees relative humidity 88%, wind 8 mph",19,19,31-140-0,17-94-1,21-28-236-3-1,36-53-259-0-3,'0-0,'1-8,'1-0,'0-0,'3-35,'7-45,'3-10,'6-15,'0-1,'1-3,30:07,29:53,Cincinnati Bengals -8.5,42.0 
2015-11-29,12,Atlanta Falcons,Minnesota Vikings,20,20,326,365,3,1,dome,fieldturf ,,22,24,24-116-0,39-191-2,22-31-230-1-2,20-28-174-0-1,'2-20,'0-0,'2-1,'0-0,'6-78,'9-53,'5-11,'7-12,'0-1,'0-0,26:32,33:28,Atlanta Falcons -2.5,45.5 
2015-11-29,12,Washington Redskins,New York Giants,20,14,407,332,0,3,outdoors,grass ,"46 degrees relative humidity 93%, wind 5 mph",18,17,37-105-1,13-33-0,20-29-302-1-0,26-51-321-2-3,'0-0,'3-22,'1-0,'3-0,'7-80,'4-35,'4-15,'3-15,'1-2,'2-2,36:00,24:00,New York Giants -2.5,47.0 
2015-11-29,12,Kansas City Chiefs,Buffalo Bills,30,22,413,415,0,2,outdoors,grass ,"35 degrees relative humidity 99%, wind 7 mph, wind chill 30",21,25,27-158-1,28-129-0,19-30-255-2-0,21-38-291-3-0,'1-0,'1-5,'0-0,'4-2,'8-58,'9-91,'6-13,'5-12,'0-0,'0-1,29:28,30:32,Kansas City Chiefs -5.5,41.5 
2015-11-29,12,Jacksonville Jaguars,San Diego Chargers,31,31,420,369,1,0,outdoors,grass ,"75 degrees relative humidity 60%, wind 8 mph, wind chill 0",20,24,19-102-0,26-79-0,30-49-329-2-1,29-43-300-4-0,'2-11,'2-10,'0-0,'0-0,'6-35,'8-70,'5-15,'6-14,'2-3,'1-1,28:36,31:24,Jacksonville Jaguars -4.5,46.5 
2015-11-29,12,San Francisco 49ers,Arizona Cardinals,19,19,368,337,2,0,outdoors,grass,"54 degrees relative humidity 40%, wind 4 mph, wind chill 0",17,26,17-67-0,29-70-2,25-36-318-1-1,24-40-271-0-0,'2-17,'1-4,'2-1,'0-0,'13-81,'7-47,'0-9,'7-14,'1-2,'0-1,22:33,37:27,Arizona Cardinals -9.5,45.0 
2015-11-29,12,Seattle Seahawks,Pittsburgh Steelers,39,30,436,538,0,4,outdoors,fieldturf ,"38 degrees relative humidity 80%, wind 2 mph, wind chill 0",21,26,27-100-1,14-58-2,21-30-345-5-0,37-59-490-1-4,'2-9,'2-10,'2-0,'1-0,'8-76,'6-65,'7-13,'5-11,'0-0,'0-1,28:00,32:00,Seattle Seahawks -3.5,45.5 
2015-11-29,12,Denver Broncos,New England Patriots,30,24,433,301,1,1,outdoors,grass ,"23 degrees relative humidity 75%, wind 3 mph, wind chill 19",23,16,32-179-3,16-39-0,23-42-270-1-1,23-42-280-3-0,'3-16,'3-18,'2-0,'1-1,'6-46,'5-47,'4-16,'2-13,'1-1,'0-1,36:31,25:57,New England Patriots -2.5,43.5 
2015-11-30,12,Cleveland Browns,Baltimore Ravens,33,33,338,336,0,2,outdoors,grass ,"45 degrees relative humidity 58%, wind 9 mph",21,16,18-63-0,23-104-0,28-48-289-2-0,20-34-232-2-2,'2-14,'0-0,'0-0,'0-0,'2-15,'7-50,'4-15,'2-11,'2-2,'2-2,30:30,29:30,Cleveland Browns -3.5,41.5 
2015-12-03,13,Detroit Lions,Green Bay Packers,27,27,306,313,1,1,dome,fieldturf ,,17,19,25-101-0,24-67-1,23-35-220-2-0,24-36-273-2-1,'3-15,'3-27,'1-1,'3-0,'9-108,'7-55,'6-16,'3-12,'1-1,'1-1,33:04,26:56,Green Bay Packers -3.0,46.5 
2015-12-06,13,St. Louis Rams,Arizona Cardinals,27,27,212,524,1,0,dome,astroplay,,9,29,15-66-0,36-175-1,15-35-146-0-1,27-41-362-2-0,'0-0,'2-13,'1-0,'1-0,'7-104,'3-25,'1-12,'7-16,'1-2,'0-1,20:13,39:47,Arizona Cardinals -4.5,43.0 
2015-12-06,13,Buffalo Bills,Houston Texans,30,21,390,401,0,1,outdoors,a_turf,"47 degrees relative humidity 65%, wind 8 mph",15,21,36-187-1,26-126-0,11-21-211-3-0,26-43-293-3-1,'1-8,'2-18,'0-0,'0-0,'5-42,'10-89,'8-16,'7-15,'0-0,'0-1,28:07,31:53,Buffalo Bills -3.5,41.5 
2015-12-06,13,Minnesota Vikings,Seattle Seahawks,38,38,125,433,1,1,outdoors,fieldturf,"37 degrees relative humidity 86%, wind 3 mph",9,25,16-31-0,36-173-2,17-28-118-0-1,21-28-274-3-0,'4-24,'2-14,'1-0,'1-1,'9-95,'9-65,'2-10,'9-13,'0-1,'1-1,24:50,35:10,Seattle Seahawks -1.5,42.0 
2015-12-06,13,Tennessee Titans,Jacksonville Jaguars,42,39,467,383,2,1,outdoors,grass ,"56 degrees relative humidity 50%, wind 1 mph, wind chill 0",26,20,35-210-2,21-81-1,20-29-268-3-1,24-36-322-5-0,'4-11,'2-20,'1-1,'1-1,'4-38,'6-21,'8-13,'10-14,'0-0,'0-1,33:34,26:26,Tennessee Titans -2.5,43.5 
2015-12-06,13,Chicago Bears,San Francisco 49ers,26,26,364,291,1,0,outdoors,grass ,"50 degrees relative humidity 55%, wind 5 mph",20,13,42-170-2,23-121-2,18-31-202-0-1,18-32-196-1-0,'1-8,'4-26,'1-0,'0-0,'8-72,'6-50,'8-17,'7-16,'0-0,'0-0,37:24,24:46,Chicago Bears -6.5,43.5 
2015-12-06,13,Cleveland Browns,Cincinnati Bengals,37,37,273,377,2,0,outdoors,grass ,"45 degrees relative humidity 63%, wind 12 mph",18,20,19-68-0,33-144-2,25-38-230-0-1,16-22-239-2-0,'3-25,'1-6,'1-1,'0-0,'7-84,'5-55,'6-13,'5-12,'0-2,'2-3,29:02,30:58,Cincinnati Bengals -9.0,43.5 
2015-12-06,13,Tampa Bay Buccaneers,Atlanta Falcons,23,19,388,319,2,1,outdoors,grass ,"79 degrees relative humidity 63%, wind 18 mph",25,21,37-166-2,18-64-0,18-27-227-1-1,30-45-269-1-1,'1-5,'3-14,'1-1,'1-0,'8-53,'7-58,'6-11,'8-16,'0-0,'0-0,31:15,28:45,Tampa Bay Buccaneers -1.0,46.0 
2015-12-06,13,Miami Dolphins,Baltimore Ravens,15,13,219,375,1,2,outdoors,grass ,"80 degrees relative humidity 70%, wind 21 mph, wind chill 0",8,22,26-137-0,26-94-0,9-19-86-1-0,32-46-308-1-2,'1-4,'3-27,'1-1,'0-0,'5-31,'5-36,'4-13,'5-14,'0-0,'0-1,21:51,38:09,Miami Dolphins -3.5,42.5 
2015-12-06,13,New York Giants,New York Jets,23,23,355,463,1,1,outdoors,fieldturf ,"51 degrees relative humidity 50%, wind 8 mph",14,28,24-74-0,24-90-0,18-34-297-1-1,36-50-390-2-0,'3-16,'3-17,'0-0,'2-1,'8-60,'8-61,'4-15,'6-15,'1-2,'1-1,29:56,38:31,New York Jets -2.5,46.5 
2015-12-06,13,San Diego Chargers,Denver Broncos,17,17,272,293,3,1,outdoors,grass ,"78 degrees relative humidity 13%, wind 4 mph, wind chill 0",15,19,23-93-0,39-134-0,18-35-202-0-1,16-26-166-1-1,'4-23,'1-7,'4-2,'0-0,'8-72,'3-18,'5-14,'6-13,'0-2,'0-0,27:03,32:57,Denver Broncos -3.5,43.5 
2015-12-06,13,Oakland Raiders,Kansas City Chiefs,34,34,361,232,3,2,outdoors,grass ,"57 degrees relative humidity 95%, wind 3 mph, wind chill 0",27,15,24-99-1,22-89-2,31-48-283-2-3,16-22-162-2-0,'4-21,'4-19,'3-0,'3-2,'4-21,'11-88,'6-14,'3-8,'0-2,'0-0,34:28,25:32,Kansas City Chiefs -3.0,44.5 
2015-12-06,13,New Orleans Saints,Carolina Panthers,41,41,334,497,1,3,dome,sportturf,,21,33,14-70-1,34-175-1,24-42-282-3-1,28-41-331-5-1,'2-18,'1-9,'1-0,'2-2,'11-104,'8-87,'3-10,'3-8,'0-1,'2-2,23:26,36:34,Carolina Panthers -6.5,50.0 
2015-12-06,13,New England Patriots,Philadelphia Eagles,35,35,427,248,2,1,outdoors,fieldturf ,"52 degrees relative humidity 49%, wind 5 mph, wind chill 0",27,15,25-103-1,33-128-0,30-57-348-3-2,14-24-120-2-0,'4-24,'1-0,'0-0,'2-1,'3-30,'8-97,'7-17,'6-14,'1-2,'0-0,34:16,25:44,New England Patriots -8.0,49.0 
2015-12-06,13,Pittsburgh Steelers,Indianapolis Colts,45,10,522,240,2,3,outdoors,grass ,"37 degrees relative humidity 74%, wind 2 mph",24,11,32-158-0,18-54-0,24-39-364-4-0,20-34-220-1-2,'0-0,'5-34,'4-2,'1-1,'4-48,'5-30,'8-13,'3-14,'0-0,'1-3,32:50,27:10,Pittsburgh Steelers -7.5,49.0 
2015-12-07,13,Washington Redskins,Dallas Cowboys,19,19,266,318,1,3,outdoors,grass ,"41 degrees relative humidity 75%, no wind, wind chill 0",15,16,26-73-0,24-97-1,22-31-219-1-0,16-29-223-0-0,'3-26,'1-2,'2-1,'4-3,'9-73,'8-70,'6-16,'1-9,'0-0,'0-0,32:47,27:13,Washington Redskins -3.5,42.0 
2015-12-10,14,Arizona Cardinals,Minnesota Vikings,23,20,393,389,0,3,retractable roof (open),grass ,,22,23,29-97-0,24-72-1,25-35-310-2-0,25-36-335-1-0,'2-14,'3-18,'0-0,'3-3,'4-30,'3-25,'6-13,'6-11,'1-1,'0-0,31:59,28:01,Arizona Cardinals -8.5,46.5 
2015-12-13,14,Philadelphia Eagles,Buffalo Bills,23,20,348,412,1,2,outdoors,grass ,"66 degrees relative humidity 68%, wind 3 mph, wind chill 0",20,18,34-116-1,32-152-1,23-38-247-1-1,19-36-268-1-1,'1-15,'1-8,'0-0,'2-1,'5-55,'15-101,'9-18,'6-16,'0-0,'0-0,24:58,35:02,Philadelphia Eagles -1.0,47.0 
2015-12-13,14,New York Jets,Tennessee Titans,30,8,439,292,0,1,outdoors,fieldturf ,,24,15,34-183-0,13-24-0,21-36-263-3-0,22-40-315-1-1,'1-7,'5-47,'0-0,'1-0,'3-20,'3-20,'7-15,'3-14,'1-1,'1-3,35:56,24:04,New York Jets -7.0,43.0 
2015-12-13,14,Baltimore Ravens,Seattle Seahawks,35,35,302,424,2,1,outdoors,sportturf,"65 degrees relative humidity 70%, wind 2 mph, wind chill 0",16,28,14-28-0,36-123-0,23-40-274-0-1,24-33-301-5-0,'1-0,'0-0,'1-1,'1-1,'9-94,'6-42,'3-11,'8-12,'0-1,'0-0,24:17,35:43,Seattle Seahawks -11.0,41.0 
2015-12-13,14,Chicago Bears,Washington Redskins,24,24,377,374,1,1,outdoors,grass ,"62 degrees relative humidity 80%, wind 12 mph, wind chill 0",20,24,22-87-1,33-99-2,19-31-315-2-0,24-31-300-1-1,'3-25,'3-25,'1-1,'1-0,'7-79,'8-63,'5-11,'7-12,'0-0,'0-0,25:38,34:22,Chicago Bears -3.5,43.0 
2015-12-13,14,Jacksonville Jaguars,Indianapolis Colts,51,16,380,322,2,2,outdoors,grass ,"79 degrees relative humidity 66%, wind 5 mph, wind chill 0",24,17,29-154-2,23-95-0,16-30-250-3-0,20-43-260-0-1,'3-24,'3-33,'3-2,'1-1,'5-40,'8-85,'2-9,'4-16,'1-1,'1-2,29:12,30:48,Jacksonville Jaguars -1.5,46.0 
2015-12-13,14,Cincinnati Bengals,Pittsburgh Steelers,33,33,385,354,3,1,outdoors,fieldturf ,"63 degrees relative humidity 79%, wind 8 mph, wind chill 0",22,22,16-64-0,28-84-2,25-37-339-2-3,30-39-282-0-1,'3-18,'2-12,'0-0,'0-0,'4-27,'5-82,'3-8,'8-14,'0-0,'0-0,24:13,35:47,Cincinnati Bengals -2.5,50.0 
2015-12-13,14,St. Louis Rams,Detroit Lions,21,14,317,331,2,1,dome,astroplay,,15,22,29-203-2,20-111-0,14-22-124-0-1,30-46-245-2-1,'1-10,'4-25,'2-1,'1-0,'5-48,'5-45,'4-11,'5-13,'0-0,'0-1,26:10,33:50,Detroit Lions -3.5,41.0 
2015-12-13,14,Cleveland Browns,San Francisco 49ers,24,10,481,221,2,0,outdoors,grass ,"63 degrees relative humidity 75%, wind 11 mph, wind chill 0",28,15,41-230-2,17-71-0,21-31-270-1-1,18-28-194-1-0,'2-19,'9-44,'3-1,'1-0,'8-71,'5-40,'6-12,'2-13,'0-0,'1-3,37:39,22:21,Cleveland Browns -1.5,41.5 
2015-12-13,14,Tampa Bay Buccaneers,New Orleans Saints,24,24,291,388,0,0,outdoors,grass ,"81 degrees relative humidity 63%, wind 15 mph",18,26,19-115-1,35-87-1,18-32-182-1-0,31-41-312-2-0,'1-6,'2-11,'0-0,'0-0,'8-80,'12-95,'4-11,'12-17,'1-1,'0-0,22:46,37:14,Tampa Bay Buccaneers -4.5,50.5 
2015-12-13,14,Carolina Panthers,Atlanta Falcons,38,0,424,230,0,4,outdoors,grass ,"63 degrees relative humidity 93%, wind 6 mph, wind chill 0",20,15,32-142-2,16-54-0,19-27-301-3-0,25-41-235-0-2,'2-19,'5-59,'0-0,'4-2,'6-60,'6-54,'6-12,'4-14,'0-1,'1-4,31:21,28:21,Carolina Panthers -7.5,46.5 
2015-12-13,14,Kansas City Chiefs,San Diego Chargers,10,3,329,280,2,1,outdoors,grass ,"61 degrees relative humidity 97%, wind 14 mph",18,15,25-150-0,18-44-0,15-23-191-1-1,24-43-263-0-1,'2-12,'5-27,'2-1,'0-0,'8-53,'7-48,'6-11,'6-18,'0-0,'3-3,28:52,31:08,Kansas City Chiefs -10.5,44.0 
2015-12-13,14,Denver Broncos,Oakland Raiders,15,15,310,126,2,0,outdoors,grass ,"45 degrees relative humidity 33%, wind 2 mph, wind chill 0",20,8,21-34-0,23-27-0,35-51-308-0-0,12-29-135-2-0,'5-32,'3-36,'4-2,'3-0,'4-27,'10-70,'4-18,'3-15,'1-3,'0-0,35:58,24:02,Denver Broncos -6.5,43.5 
2015-12-13,14,Green Bay Packers,Dallas Cowboys,28,7,435,270,0,1,outdoors,grass ,"53 degrees relative humidity 100%, wind 10 mph, wind chill 0",29,11,44-230-2,20-171-1,22-35-218-2-0,13-29-114-0-1,'2-13,'2-15,'1-0,'0-0,'8-69,'6-30,'7-14,'1-11,'0-1,'0-2,37:48,22:12,Green Bay Packers -6.5,42.5 
2015-12-13,14,Houston Texans,New England Patriots,27,27,189,313,1,1,retractable roof (closed),fieldturf,,7,18,22-87-0,31-116-1,12-24-159-0-0,22-30-226-2-0,'6-57,'3-29,'2-1,'1-1,'4-36,'6-46,'3-14,'7-16,'0-2,'0-0,24:46,35:14,New England Patriots -3.5,45.0 
2015-12-14,14,Miami Dolphins,New York Giants,31,31,363,429,1,1,outdoors,grass ,"77 degrees relative humidity 78%, wind 6 mph, wind chill 0",16,25,22-128-2,31-92-0,25-41-236-1-0,27-31-337-4-0,'1-1,'0-0,'2-1,'1-1,'12-123,'3-25,'7-16,'5-11,'1-2,'0-0,29:29,30:31,New York Giants -1.0,46.5 
2015-12-17,15,St. Louis Rams,Tampa Bay Buccaneers,31,23,319,509,0,2,dome,astroplay,,16,30,33-98-2,27-146-0,14-17-234-2-0,29-50-363-2-1,'2-13,'0-0,'0-0,'2-1,'5-35,'9-56,'2-10,'3-10,'0-0,'0-1,28:40,31:20,St. Louis Rams -2.5,41.0 
2015-12-19,15,Dallas Cowboys,New York Jets,19,19,309,372,4,1,retractable roof (closed),matrixturf,,15,20,21-133-0,26-73-1,18-33-195-1-4,26-39-299-1-1,'2-19,'2-0,'0-0,'0-0,'6-54,'8-61,'2-11,'5-14,'1-1,'0-1,27:43,32:17,New York Jets -3.0,41.5 
2015-12-20,15,New York Giants,Carolina Panthers,38,38,406,480,2,1,outdoors,fieldturf ,"41 degrees relative humidity 37%, wind 8 mph",21,28,27-161-1,29-171-0,29-46-245-4-1,25-45-340-5-0,'0-0,'3-31,'2-1,'1-1,'7-47,'7-88,'6-15,'9-17,'2-2,'0-0,29:08,30:52,Carolina Panthers -4.0,48.0 
2015-12-20,15,Minnesota Vikings,Chicago Bears,38,17,350,293,0,2,outdoors,fieldturf,"36 degrees relative humidity 0%, wind 3 mph",20,21,36-129-1,20-94-0,17-20-231-4-0,26-37-231-2-1,'1-10,'5-32,'1-0,'1-1,'4-45,'6-39,'8-12,'5-12,'0-0,'1-1,32:10,27:50,Minnesota Vikings -5.5,43.0 
2015-12-20,15,Indianapolis Colts,Houston Texans,16,16,190,305,2,2,retractable roof (closed),fieldturf ,,14,20,19-50-0,37-155-0,18-32-160-1-1,17-28-173-1-1,'3-20,'3-23,'1-1,'2-1,'8-94,'6-48,'4-13,'5-15,'0-0,'2-2,26:04,33:56,Indianapolis Colts -1.5,42.0 
2015-12-20,15,New England Patriots,Tennessee Titans,33,16,346,282,1,3,outdoors,fieldturf ,"40 degrees relative humidity 41%, wind 12 mph",17,15,26-93-0,21-59-0,23-35-267-2-0,23-34-274-2-2,'2-14,'5-51,'1-1,'2-1,'5-35,'3-29,'7-16,'3-12,'0-0,'0-1,29:37,30:23,New England Patriots -14.0,46.5 
2015-12-20,15,Jacksonville Jaguars,Atlanta Falcons,23,23,370,328,1,1,outdoors,grass ,"65 degrees relative humidity 60%, wind 8 mph, wind chill 0",21,22,20-85-1,33-83-1,23-38-297-1-1,22-35-246-1-1,'2-12,'1-1,'3-0,'0-0,'5-62,'5-43,'0-8,'7-14,'0-1,'0-0,25:27,34:33,Jacksonville Jaguars -3.0,49.0 
2015-12-20,15,Baltimore Ravens,Kansas City Chiefs,34,34,366,277,3,0,outdoors,sportturf,"41 degrees relative humidity 35%, wind 5 mph",19,15,20-93-0,28-113-1,26-45-281-2-2,21-25-171-1-0,'2-8,'3-7,'1-1,'1-0,'7-63,'6-55,'4-13,'5-13,'1-3,'0-0,27:41,32:19,Kansas City Chiefs -6.5,41.0 
2015-12-20,15,Washington Redskins,Buffalo Bills,35,25,431,452,1,0,outdoors,grass ,"43 degrees relative humidity 30%, wind 3 mph",23,21,27-123-1,31-240-1,22-28-319-4-0,16-27-235-2-0,'1-11,'5-23,'1-1,'1-0,'5-6,'8-56,'7-11,'5-13,'0-0,'1-3,29:04,30:56,Buffalo Bills -2.5,44.0 
2015-12-20,15,Oakland Raiders,Green Bay Packers,30,30,372,293,2,2,outdoors,grass ,"54 degrees relative humidity 70%, wind 18 mph, wind chill 0",20,18,25-120-0,28-103-1,23-47-276-2-2,22-39-204-1-1,'3-24,'2-14,'0-0,'1-1,'10-95,'6-75,'5-17,'4-13,'1-4,'0-0,30:31,29:29,Green Bay Packers -3.0,47.0 
2015-12-20,15,Seattle Seahawks,Cleveland Browns,30,13,423,230,0,1,outdoors,fieldturf ,"47 degrees relative humidity 56%, wind 10 mph",28,15,36-182-0,17-94-0,21-30-249-3-0,19-32-161-1-1,'2-8,'3-25,'0-0,'2-0,'5-30,'4-40,'9-12,'6-12,'0-0,'0-0,34:33,25:27,Seattle Seahawks -14.0,43.0 
2015-12-20,15,San Diego Chargers,Miami Dolphins,30,14,442,231,2,1,outdoors,grass ,"61 degrees relative humidity 49%, wind 11 mph, wind chill 0",26,13,36-140-1,19-44-2,26-36-311-3-2,20-34-216-0-0,'1-9,'3-29,'0-0,'2-1,'7-48,'9-72,'9-14,'2-14,'0-0,'3-3,38:53,21:07,San Diego Chargers -1.5,46.0 
2015-12-20,15,San Francisco 49ers,Cincinnati Bengals,24,24,318,242,4,1,outdoors,grass,"52 degrees relative humidity 63%, wind 14 mph, wind chill 0",17,14,17-55-1,36-68-2,30-50-295-1-3,15-21-192-1-0,'4-32,'4-18,'1-1,'1-1,'11-98,'6-45,'2-14,'4-14,'2-2,'0-1,29:01,30:59,Cincinnati Bengals -5.5,40.5 
2015-12-20,15,Pittsburgh Steelers,Denver Broncos,34,27,377,385,2,2,outdoors,grass ,"41 degrees relative humidity 35%, wind 8 mph",28,20,17-23-1,25-104-1,40-55-380-3-2,21-44-296-3-1,'3-26,'2-15,'0-0,'3-1,'9-63,'12-127,'7-15,'9-17,'0-0,'0-2,31:16,28:44,Pittsburgh Steelers -6.0,45.0 
2015-12-20,15,Philadelphia Eagles,Arizona Cardinals,40,40,424,493,4,0,outdoors,grass ,"37 degrees relative humidity 54%, wind 4 mph",19,28,20-74-0,39-230-3,28-41-361-2-2,20-33-274-1-0,'2-11,'2-11,'2-2,'1-0,'5-38,'1-10,'6-12,'8-14,'0-2,'0-0,22:32,37:28,Arizona Cardinals -3.5,51.5 
2015-12-21,15,New Orleans Saints,Detroit Lions,35,35,399,396,0,1,dome,sportturf,,27,24,18-69-0,23-150-2,34-52-341-3-0,22-25-254-3-0,'1-11,'3-8,'1-0,'2-1,'6-28,'10-92,'5-14,'4-8,'2-2,'0-0,30:24,29:36,New Orleans Saints -2.5,51.5 
2015-12-24,16,Oakland Raiders,San Diego Chargers,23,20,281,343,1,1,outdoors,grass ,"47 degrees relative humidity 70%, wind 25 mph",14,19,24-106-1,25-72-1,23-38-204-1-1,31-49-277-1-0,'3-29,'1-6,'0-0,'1-1,'16-121,'9-75,'4-15,'5-16,'0-0,'0-1,33:21,35:04,Oakland Raiders -6.0,46.5 
2015-12-26,16,Philadelphia Eagles,Washington Redskins,38,38,398,418,2,0,outdoors,grass ,"52 degrees relative humidity 72%, wind 6 mph",23,25,16-45-2,26-67-0,37-56-380-1-0,31-46-365-4-0,'5-27,'2-14,'7-2,'1-0,'8-45,'8-70,'7-19,'5-14,'2-3,'0-0,25:56,34:04,Philadelphia Eagles -3.0,48.0 
2015-12-27,16,Atlanta Falcons,Carolina Panthers,20,13,373,268,1,1,dome,fieldturf ,,21,18,30-77-1,20-155-1,23-30-306-1-0,17-30-142-0-0,'2-10,'2-29,'2-1,'1-1,'3-20,'4-40,'9-15,'4-10,'0-0,'0-1,35:38,24:22,Carolina Panthers -6.5,47.5 
2015-12-27,16,Tennessee Titans,Houston Texans,34,34,257,330,4,1,outdoors,grass ,"73 degrees relative humidity 75%, wind 15 mph, wind chill 0",13,19,11-30-0,42-128-1,27-51-234-1-1,16-26-207-2-0,'1-7,'1-5,'3-3,'1-1,'4-43,'4-28,'4-16,'7-16,'1-1,'0-0,23:47,36:13,Houston Texans -3.5,40.0 
2015-12-27,16,Baltimore Ravens,Pittsburgh Steelers,20,17,386,308,0,3,outdoors,sportturf,"64 degrees relative humidity 87%, wind 9 mph, wind chill 0",22,21,31-121-1,20-110-2,28-41-274-1-0,24-34-220-0-2,'1-9,'3-22,'0-0,'2-1,'12-121,'3-25,'9-18,'2-8,'0-0,'0-2,34:20,25:40,Pittsburgh Steelers -10.0,47.0 
2015-12-27,16,Buffalo Bills,Dallas Cowboys,16,6,408,307,2,2,outdoors,a_turf,"39 degrees relative humidity 83%, wind 11 mph",19,14,40-236-2,25-121-0,13-18-179-0-1,13-31-186-0-1,'3-7,'0-0,'1-1,'1-1,'7-62,'8-65,'6-14,'7-14,'0-1,'0-0,31:30,28:30,Buffalo Bills -6.5,42.0 
2015-12-27,16,Miami Dolphins,Indianapolis Colts,18,18,361,268,1,0,outdoors,grass ,"82 degrees relative humidity 69%, wind 15 mph, wind chill 0",22,20,25-82-1,23-100-2,26-38-329-0-1,17-29-177-0-0,'6-50,'2-9,'0-0,'0-0,'9-50,'6-60,'6-15,'6-12,'0-1,'0-0,32:49,27:11,Miami Dolphins -2.5,43.0 
2015-12-27,16,New York Jets,New England Patriots,26,20,428,284,1,1,outdoors,fieldturf ,"57 degrees relative humidity 83%, wind 11 mph, wind chill 0",24,16,27-143-0,22-63-0,26-41-296-3-0,22-31-231-1-1,'1-11,'2-10,'3-1,'0-0,'6-39,'1-7,'5-13,'1-10,'0-0,'3-3,34:04,28:33,New England Patriots -3.0,45.0 
2015-12-27,16,Detroit Lions,San Francisco 49ers,32,17,371,322,0,1,dome,fieldturf ,,26,20,28-87-1,23-121-0,29-37-301-2-0,22-33-225-2-0,'2-17,'3-24,'0-0,'1-1,'7-71,'11-65,'4-12,'1-9,'1-1,'0-2,36:30,23:30,Detroit Lions -9.5,42.0 
2015-12-27,16,Kansas City Chiefs,Cleveland Browns,17,13,258,368,1,1,outdoors,grass ,"36 degrees relative humidity 91%, wind 16 mph, wind chill 26",16,21,27-136-0,36-232-1,15-22-125-2-1,13-32-136-0-1,'1-3,'0-0,'1-0,'0-0,'5-33,'8-83,'4-12,'6-15,'1-1,'3-4,28:56,31:04,Kansas City Chiefs -10.5,42.5 
2015-12-27,16,Tampa Bay Buccaneers,Chicago Bears,26,26,389,327,3,0,outdoors,grass ,"83 degrees relative humidity 59%, wind 13 mph",19,21,25-104-1,39-174-1,15-29-295-2-1,20-27-156-1-0,'1-10,'1-3,'5-2,'0-0,'4-47,'3-25,'2-8,'6-15,'0-0,'0-0,22:57,37:03,Tampa Bay Buccaneers -3.0,45.0 
2015-12-27,16,New Orleans Saints,Jacksonville Jaguars,38,27,537,412,0,2,dome,sportturf,,29,21,35-135-2,15-65-0,25-36-412-3-0,27-35-368-4-2,'1-10,'2-21,'0-0,'3-0,'5-40,'8-55,'8-13,'6-9,'1-1,'0-0,37:53,22:07,New Orleans Saints -3.0,51.5 
2015-12-27,16,Arizona Cardinals,Green Bay Packers,38,8,381,178,2,4,retractable roof (closed),grass ,,19,16,26-121-1,26-101-0,19-28-269-2-1,16-29-155-1-1,'2-9,'9-78,'2-1,'5-3,'10-119,'7-59,'5-10,'5-17,'0-0,'2-3,30:16,29:44,Arizona Cardinals -4.5,50.5 
2015-12-27,16,Seattle Seahawks,St. Louis Rams,23,23,312,205,3,0,outdoors,fieldturf ,"37 degrees relative humidity 86%, no wind, wind chill 0",18,14,22-59-0,30-102-1,25-41-289-2-1,14-23-103-1-0,'4-36,'0-0,'5-2,'2-0,'10-83,'5-60,'8-17,'5-12,'1-1,'0-0,32:06,27:54,Seattle Seahawks -12.0,40.0 
2015-12-27,16,Minnesota Vikings,New York Giants,49,17,368,363,0,3,outdoors,fieldturf,"13 degrees relative humidity 0%, wind 8 mph, wind chill 2",17,15,40-218-3,20-91-0,15-25-168-1-0,20-34-302-2-3,'3-18,'4-30,'0-0,'3-0,'2-10,'7-48,'6-16,'1-11,'0-0,'0-2,34:57,25:03,Minnesota Vikings -7.0,44.5 
2015-12-28,16,Denver Broncos,Cincinnati Bengals,20,17,390,294,1,1,outdoors,grass ,"16 degrees relative humidity 75%, wind 6 mph, wind chill 7",22,22,21-113-1,33-108-1,27-39-299-1-0,22-35-200-1-0,'3-22,'2-14,'1-1,'1-1,'5-40,'6-45,'4-11,'10-17,'0-0,'0-0,27:50,37:28,Denver Broncos -3.0,39.5 
2016-01-03,17,Chicago Bears,Detroit Lions,24,24,345,349,3,0,outdoors,grass ,"31 degrees relative humidity 67%, wind 15 mph, wind chill 20",16,22,24-111-0,21-67-0,17-23-245-2-3,28-39-298-3-0,'4-11,'4-16,'0-0,'0-0,'1-15,'4-21,'7-12,'4-10,'0-0,'0-1,27:30,32:30,Detroit Lions -1.0,45.5 
2016-01-03,17,Indianapolis Colts,Tennessee Titans,30,24,327,231,1,1,retractable roof (closed),fieldturf ,,20,14,32-127-0,27-137-2,21-38-207-2-1,15-27-137-1-1,'1-7,'4-43,'0-0,'1-0,'6-71,'6-60,'7-17,'4-14,'0-0,'1-2,33:17,26:43,Indianapolis Colts -4.5,39.0 
2016-01-03,17,Miami Dolphins,New England Patriots,20,10,438,196,0,0,outdoors,grass ,"80 degrees relative humidity 65%, wind 7 mph, wind chill 0",20,12,34-96-0,27-70-1,25-38-350-2-0,13-25-140-0-0,'1-8,'2-14,'1-0,'1-0,'10-93,'7-41,'8-17,'4-14,'0-1,'0-1,31:05,28:55,New England Patriots -9.0,46.5 
2016-01-03,17,Cincinnati Bengals,Baltimore Ravens,24,16,292,341,0,2,outdoors,fieldturf ,"35 degrees relative humidity 67%, wind 7 mph, wind chill 29",17,22,27-145-1,21-59-0,17-27-160-2-0,30-56-292-1-2,'3-13,'1-10,'1-0,'0-0,'11-72,'4-38,'0-9,'12-20,'1-1,'0-2,30:44,29:16,Cincinnati Bengals -9.5,41.5 
2016-01-03,17,Atlanta Falcons,New Orleans Saints,20,20,414,390,2,1,dome,fieldturf ,,25,24,26-87-0,22-67-1,24-36-334-2-1,32-43-323-1-0,'1-7,'0-0,'2-1,'1-1,'4-32,'4-45,'8-12,'6-10,'0-0,'0-1,30:26,29:34,Atlanta Falcons -5.5,52.5 
2016-01-03,17,Houston Texans,Jacksonville Jaguars,30,6,402,215,1,4,retractable roof (closed),fieldturf,,25,11,31-160-1,14-32-0,25-41-249-1-1,17-32-239-0-2,'2-7,'8-56,'1-0,'3-2,'9-55,'7-53,'8-17,'1-12,'0-1,'1-2,35:37,24:23,Houston Texans -6.5,45.5 
2016-01-03,17,Cleveland Browns,Pittsburgh Steelers,28,28,263,379,4,3,outdoors,grass ,"34 degrees relative humidity 75%, wind 18 mph, wind chill 23",22,16,23-86-0,19-30-0,24-46-240-0-2,24-36-349-3-2,'7-63,'0-0,'3-2,'1-1,'8-47,'9-45,'4-16,'2-8,'1-4,'0-0,33:57,26:03,Pittsburgh Steelers -11.0,46.5 
2016-01-03,17,Buffalo Bills,New York Jets,22,17,295,300,1,3,outdoors,a_turf,"35 degrees relative humidity 70%, wind 21 mph, wind chill 24",18,15,43-113-2,17-122-0,18-28-182-0-0,16-37-181-2-3,'2-0,'1-3,'2-1,'0-0,'4-45,'6-41,'9-20,'3-11,'2-2,'0-0,39:13,20:47,New York Jets -3.0,42.0 
2016-01-03,17,Dallas Cowboys,Washington Redskins,34,34,512,437,4,0,retractable roof (closed),matrixturf,,27,19,16-100-0,36-146-0,33-48-435-3-2,19-26-304-4-0,'4-23,'1-13,'2-2,'2-0,'4-44,'3-20,'2-10,'7-14,'1-1,'1-1,26:03,33:57,Dallas Cowboys -3.5,39.5 
2016-01-03,17,New York Giants,Philadelphia Eagles,35,35,502,435,1,2,outdoors,fieldturf ,"45 degrees relative humidity 38%, wind 17 mph",30,23,36-208-1,26-120-2,24-43-302-2-0,30-38-320-2-1,'2-8,'1-5,'2-1,'1-1,'2-10,'3-11,'7-15,'10-13,'1-2,'0-0,31:54,28:06,New York Giants -5.0,51.0 
2016-01-03,17,Denver Broncos,San Diego Chargers,27,20,503,317,5,1,outdoors,grass ,"50 degrees relative humidity 21%, wind 5 mph",21,15,32-210-2,29-110-0,19-31-301-1-2,21-35-228-2-1,'2-8,'3-21,'3-3,'3-0,'6-35,'7-45,'5-11,'6-18,'0-0,'0-2,25:28,34:32,Denver Broncos -10.0,41.5 
2016-01-03,17,San Francisco 49ers,St. Louis Rams,19,16,458,364,1,0,outdoors,grass,"53 degrees relative humidity 59%, wind 6 mph, wind chill 0",21,21,33-108-0,33-133-1,28-44-354-1-1,22-38-231-0-0,'1-4,'0-0,'2-0,'1-0,'7-60,'11-105,'8-18,'3-13,'0-1,'0-1,33:03,38:30,St. Louis Rams -3.5,37.5 
2016-01-03,17,Carolina Panthers,Tampa Bay Buccaneers,38,10,366,386,2,3,outdoors,grass ,"54 degrees relative humidity 31%, wind 4 mph, wind chill 0",23,21,32-111-3,22-77-1,21-26-293-2-0,29-47-325-0-2,'4-38,'2-16,'2-2,'1-1,'7-33,'5-65,'7-10,'8-16,'0-0,'1-2,31:50,28:10,Carolina Panthers -10.0,46.0 
2016-01-03,17,Arizona Cardinals,Seattle Seahawks,36,36,232,354,3,0,retractable roof (closed),grass ,,16,22,13-27-0,36-145-1,20-43-213-1-3,22-32-225-3-0,'2-8,'1-16,'0-0,'0-0,'6-43,'6-70,'5-12,'8-15,'0-1,'1-1,23:23,36:37,Arizona Cardinals -6.5,47.0 
2016-01-03,17,Kansas City Chiefs,Oakland Raiders,23,17,339,205,2,1,outdoors,grass ,"37 degrees relative humidity 56%, wind 9 mph, wind chill 30",23,14,39-189-1,16-48-0,15-25-159-2-2,21-33-194-1-1,'1-9,'6-37,'0-0,'2-0,'5-55,'7-59,'6-13,'3-14,'1-2,'1-1,34:55,25:05,Kansas City Chiefs -7.0,43.0 
2016-01-03,17,Green Bay Packers,Minnesota Vikings,20,20,350,242,2,2,outdoors,grass ,"24 degrees relative humidity 70%, wind 11 mph, wind chill 13",19,14,26-76-0,27-151-1,28-44-291-1-1,10-19-99-0-1,'5-17,'3-8,'1-1,'3-1,'7-54,'5-37,'2-15,'2-11,'3-6,'1-1,35:42,24:18,Green Bay Packers -3.0,45.5 
